"nid","path","name","teaser","description","picture","pictures","subject_packages"
"4064","/fag/sport-og-medier","Sport og medier","Vi diskuterer eksempler på, hvordan sportsbegivenheder dækkes i medierne. ","Vi tager fat i dækningen af forskellige sportsbegivenheder. Hvad virker godt, hvad er mindre godt og hvordan kunne det forbedres?Vi prøver også selv kræfter med genren.Faget ligger i forlængelse af sportsjournalistlinjen, men kan også vælges af elever, som ikke er på sportsjournalistlinjen. Inspirationsfag vælges når du kommer på skolen. Alle inspirationsfag oprettes ikke hvert semester. Du får den endelige sammensætning af fag, når du kommer på skolen.","sites/vih.local/files/subjects/jacob.jpg","","Boldspil, Endurance, Fitness, Outdoor, Politi"
"3893","/fag/test-og-traening","Test og træning","Hvordan finder jeg ud af, om min kondition er blevet bedre? Virker mit nye styrketræningsprogram? Kan fedtmåleren virkelig måle min fedtprocent? Er jeg eksplosiv?Disse spørgsmål prøver vi bl.a. at besvare i faget. Vi bruger avanceret måleudstyr i vores testcenter og simple tests, som kun kræver et par løbesko. Vi diskuterer også testning som et redskab i forhold til bl.a. motivation og effektivitet i træningen. ","På Vejle Idrætsskole har vi fået et avanceret testcenter.Testcentret danner baggrund for faget, hvor vi arbejder med at teste os selv, men vi arbejder i høj grad også med den træning, der skaber fysisk udvikling. Faget forsøger således at gøre dig klogere på effekten din egen træning - eller andres træning - og hvordan du kan evaluere/teste din egen træning.  ","sites/vih.local/files/subjects/2k2a0602.jpg","https://vih.dk/sites/vih.local/files/subjects/2k2a3573.jpg, https://vih.dk/sites/vih.local/files/subjects/img_20160420_101204.jpg, https://vih.dk/sites/vih.local/files/subjects/2k2a3597.jpg","Boldspil, Endurance, Fitness, Outdoor"
"3892","/fag/toughest","Toughest","Naturen er vores træningsrum, når vi træner grundtræning og konditionsforbedring. Faget introducerer dig til en bred vifte af forskellige typer udendørs træning, blandt andet outdoor fitness, løbetræning, terrænløb, svømning og mountainbike. Fælles for disse træningstyper er, at de alle i højere eller mindre grad involverer de store muskelgrupper, og at træningen foregår med relativt høj puls. Herved lægges et pres på kredsløbet med sigte på en generel forbedring af konditionen - og så sker der ikke noget ved, at vi bliver godt og grundigt beskidte samtidigt!","Find din indre viking frem! Dette er faget, hvor hele kroppen er i centrum! Faget er et grundtræningsfag, hvor vi ved hjælp af udendørs oplevelser træner hele kroppen igennem på en varieret måde. Via forskellige styrke- og kardio programmer forbedrer du din grundform, og qua de udendørs oplevelser med en masse af dine venner, kommer du også til at opleve at tilhøre et fællesskab. For når det er allermest hårdt, når du løber med fødderne under vand og når du ikke kan blive mere beskidt, så er vi der alle sammen, og vi er fælles om det!Vi kommer igennem hele paletten af udendørs træningsopvelser. Det er alt lige fra cirkeltræning ved vores udendørs træningsstativ til MTB, åben vand svømning, trailrun, mudrun og udendørs forhindringsbane. Og med Nørreskoven lige i baghaven og det altid lunefulde danske vejr har vi vores legeplads meget tæt på! ","sites/vih.local/files/subjects/img_9749.jpg","https://vih.dk/sites/vih.local/files/subjects/2k2a1922.jpg, https://vih.dk/sites/vih.local/files/subjects/img_0026.jpg, https://vih.dk/sites/vih.local/files/subjects/20150415-2k2a5987-067.jpg","Fitness, Outdoor, Politi"
"3891","/fag/havkajak-0","Havkajak","I havkajak har du chancen for at få nogle fede, oplevelser til vands. Vi har optimale forhold ved Vejle fjord, der ligger tæt ved højskolen. Vi øver teknik, tager på tur og du får mulighed for at tage et IPP-2 certifikat i havkajak. Derudover stifter du også bekendtskab med kajaksurf. ","Havkajak på Vejle FjordHavkajak-forløbet er en kombination af tekniske færdigheder, naturoplevelser og fysisk aktivitet i forskellige vandflader. Havkajakken er et fantastisk redskab til leg og spil og måske lærer du din første grønlændervending. Havkajakken er også god til korte ture på fjorden og til langtur med overnatning, hvor vi ofte ser både nysgerrige sæler og marsvin. I kajak arbejder vi inden for Dansk Kano- og Kajakforbunds standarder, og du har mulighed for at opnå et IPP2 bevis. Få nogle oplevelser du aldrig glemmer - vælg havkajak på Vejle Idrætshøjskole.","sites/vih.local/files/subjects/2k2a8924.jpg","https://vih.dk/sites/vih.local/files/subjects/2k2a2879.jpg, https://vih.dk/sites/vih.local/files/wysiwyg/lange_kurser-125.jpg, https://vih.dk/sites/vih.local/files/subjects/20130618-2k2a0968-205-204.jpg, https://vih.dk/sites/vih.local/files/subjects/lange_kurser-68_0.jpg","Outdoor"
"3890","/fag/triatlon-swimrun-and-xterra","Triatlon, Swimrun and Xterra ","Hvis du drømmer du om atgennemføre en halv eller en hel maratonsvømme lange distancercykle 100-200 km som i Tour de Franceprøve kræfter med triatlon og gennemføre fx OL-distancen eller en halv ironmanså kan du starte træningen på Vejle Idrætshøjskole - og vi hjælper dig med at føre drømmen ud i livet - uanset hvilket niveau du starter med.","Træning af din udholdenhedGennem gradvis øgning i træningsmængden arbejder vi med at rykke din fysiske kapacitet, så du bliver i stand til at præstere i længere og længere tid. Triatlon kræver træningsplanlægningGennem opfølgende samtaler og vejledning oplæres du til at få ansvaret for egen træning. Du lærer at føre træningsdagbog, da disciplineret træning er af største betydning for et vellykket resultat på en krævende udholdenhedspræstation.Jernhård vilje og selvdisciplinDu kan komme til at gennemføre eksempelvis maraton, halvmaraton, triatlon OL-distance eller ½ ironman. Enten laver vi et arrangement på skolen, som vi arbejder hen mod eller du deltager i arrangerede løb sidst i forløbet (elever betaler selv herfor).Du medbringer selv racercykelEr du til cykling eller triatlon, skal du være opmærksom på, at du selv skal medbringe en racercykel på højskolen. ","sites/vih.local/files/subjects/20130809-20130809-2k2a4520-110_2.jpg","https://vih.dk/sites/vih.local/files/subjects/20111119-_mg_3671-239_3.jpg, https://vih.dk/sites/vih.local/files/subjects/2k2a2120.jpg, https://vih.dk/sites/vih.local/files/subjects/20131017-2k2a6088-109_0.jpg","Endurance, Outdoor, Politi"
"3889","/fag/fitness-holdtraening","Fitness holdtræning","Fitness Holdtræning er for dig, der er til god, høj og energisk musik, udfordrende trin og fede koreografier. Du kan glæde dig til smil på læben og sved på panden. I Fitness Holdtræning prioriterer vi din udvikling og motivation højt. Træningen skal være med til øge glæden samtidig med, at du øger egne færdigheder. Musikken skal være med til at sætte stemningen og motivere os til at yde endnu mere.Vi har primært fokus på kondition og muskeltræning. Vi tager udgangspunkt i dit niveau, men vi prøver også at udfordre dig og du vil blive præsenteret for forskellige genrer inden for holdtræningsfitness - eksempelvis step, powerdance, bodytoning, aerobic, zumba, combat og high intensity. Fysisk udfordring og glæde er nøglebegreber.I samarbejde med ‘Bevæg dig for livet Fitness’ tilbyder vi en uddannelse i basis holdtræning, som giver dig udfordringer og færdigheder på det personlige og pædagogiske plan.","MålMålet med faget er at udvikle dine praktiske færdigheder samt eventuelt at kvalificere instruktører til undervisning i forening eller motionscenter.Overordnet handler dette om, at du får:praktiske og teoretiske færdigheder i forskellige former for fitnesstræningstørre kropsbevidsthed og bevægelseskvalitetudviklet egne ressourcer og pædagogiske evnerudviklet ansvarsbevidsthed og gode formidlingsevnerudviklet faglige og sociale kompetenceroplevet glæden ved forskellige aerobictræningsformerKoreografi, puls og powerUndervisningen er en kombination af forskellige træningsformer, eksempelvis step, puls, powerdance, bodytoning, zumba, attack, combat og high intensity. Undervisningen vil primært være bestående af praktiske forløb. Der vil være små spots med teoretiske elementer. De teoretiske emner giver dig de bedste forudsætninger for at arbejde med træningen i praksis - fx koreografi, musikforståelse, grundtrin og fysiologiske aspekter ved træning. Teorien vil oftest være indarbejdet i praktiske situationer frem for klasseværelsesundervisning.Basis holdtræningsuddannelseI Fitness Holdtræning kan du - udover at blive en bedre udøver - også tage en Basis holdtræningsuddannelse. I samarbejde med 'Bevæg dig for livet' Fitness tilbyder vi Basis holdtræningsuddannelsen. Instruktøruddannelsen giver dig en mængde udfordringer og færdigheder på såvel det rent koreografiske som på det personlige og pædagogiske plan. Som dokumentation for dine færdigheder udstedes kursusbevis.Arrangementer og oplevelserEksempler på mulige arrangementer og oplevelserBesøg i lokale fitnesscentreBesøg af gæsteinstruktører Show/performanceSpecialedage, hvor vi kun beskæftiger os med Fitness HoldtræningHøjskolestævne med de andre idrætshøjskoler, som også har fitness","sites/vih.local/files/subjects/20150415-2k2a6481-315.jpg","","Fitness"
"3888","/fag/yosurfnclimb","YoSurf’n’Climb"," Vi tager den fede HANG LOOSE stemning alvorligt med masser af fede relaxed vibes fra surfing, klatring og yoga. I surfdelen får du masser af vind i håret og lærer som begynder at mestre boardet på tværs af Vejle Fjord. I klatredelen arbejder vi på flere niveauer og du lærer at sikre andre og planlægge dine ruter på væggen. I yoga fokuseres på bevægelighed, balance og stabilitet i core via forskellige former for yoga; fx SUP yoga, aerial og hatha yoga.","Yoga, surfing og klatring er samlet her i et forløb med fokus på den frie følelse, som de tre aktiviteter udvikler i dig. Både når du fanger den rigtige bølge, finder det svævende flow på vej op i træet/klatrevæggen eller perfektionerer de organiske i yogabevægelser med fuld opmærksomhed. Gennem aktiviteterne lever vi os ind i den livsstil, som aktiviteterne lægger op til; nemlig indre og ydre balance, fokus og stabilitet i pagt med de smukke omgivelser omkring skolen. Idrættens konkurrenceelement er ikke centralt - i stedet har vi fokus på at hjælpe hinanden og vi arbejder med din mentale styrke, balance, kropsbevidsthed og udholdenhed. SurfingDu lærer at mestre boardet, bølgerne og vinden. Vejle Fjords smukke omgivelser danner rammen for surfdelen, hvor du vil blive introduceret for Stand Up Paddling og Windsurfing. Du vil blive sat ind i surfteori, og vi leger med vind og bølger, indtil du forbedrer din teknik, så du får mod på at udfordre dig selv lidt mere i forhold til naturens kræfter. Vi stiller alt udstyr til rådighed, men hvis du kommer med gå-på-mod og vilje, så tør vi godt love fantastiske oplevelser, når balance og teknik spiller sammen med timing og vind og du svæver hen over fjorden. Eller når vi dyrker den cool surferstemning på stranden efter træning.KlatringVi klatrer i Nørreskovens smukke omgivelser, hvad enten vores mål er trætoppenes krone eller toppen af skolens udendørs klatrevæg med flere udfordrende baner. Hvis vejret er helt umuligt, klatrer vi indenfor på vores indendørs klatrevæg. I kampen mod tyngdekraften er din kropsstamme på hårdt arbejde, når du hænger på væggen og skal overføre al din kraft til næste lille trin. Er du vant til fx løb eller cykling, vil du opdage, at klatring er et godt supplement, fordi du træner en helt anden slags muskeludholdenhed. Kicket fra højden udløser adrenalin. I bestræbelserne på ikke at falde ned og holde dig i gang på klatrevæggen, skærper du din koncentration og evne til at bevare roen, så du kan disponere kræfterne, når du mærker syren i musklerne og den fysiske styrke begynder at slippe op.. Der er udfordringer til alle sværhedsgrader, og du lærer tekniske greb samt at planlægge din rute, så du ikke udsætter dig selv for unødigt pres. Du vil også lære at sikre andre på deres ruter, så du kan bruge dine evner uden for undervisningen - enten selv eller for at instruere andre.YogaI yogatimerne vil vi udforske kroppens muligheder i naturen, på boards på vandet, i yogahængekøje eller i skolens rolige lokaler med udsigt til Nørreskovens grønne blade. Sammen optimerer vi vores kropsbevidsthed, bevægelighed og stabilitet i core. Via yogaøvelserne arbejder vi med både vores fysiske og mentale styrke og udholdenhed gennem konkrete øvelser i nærvær og fokus. Erfaringerne tager vi med videre som grundlæggende evner for koncentration, stabilitet og smidighed i fagets andre idrætsgrene.Yogadelen består af forskellige former for yoga; fx SUP yoga, aerial og hatha yoga.  ","sites/vih.local/files/subjects/aerial-38.jpg","https://vih.dk/sites/vih.local/files/subjects/f14_venneweekend-028.jpg, https://vih.dk/sites/vih.local/files/subjects/img_0065.jpg, https://vih.dk/sites/vih.local/files/subjects/aerial-13.jpg","Fitness, Outdoor"
"3887","/fag/step","Step","Step er en super god konditionstræning, hvor forbrændingen, konditionen og koordinationsevnen forbedres. Vi fokuserer på at lave varierede og forskellige steptimer med entusiasme og intensitet. Du udfordres, så du øger dine færdigheder og bliver præsenteret for step på alle mulige måder, både med koreografisk og træningsmæssigt udgangspunkt. Vi tager udgangspunkt i dit niveau. Step er for dig, der kan lide god musik, smil på læben og sved på panden!Undervejs i forløbet vil der være mulighed for at komme ud og opleve andre undervisere, og vi kan invitere undervisere, som kan inspirere. ","I step prioriterer vi udvikling og motivation højt. Træningen skal være med til øge glæden samtidig med at du øger egne færdigheder. Musikken skal være med til at sætte stemningen og motivere os til at yde endnu mereMål med stepMålet med faget er at udvikle dine praktiske færdigheder. Overordnet handler dette om, at du får:masser af praktiske og teoretiske inputsstørre kropsbevidsthed og bevægelseskvalitetudviklet egne ressourcer og formidlingsevnerudviklet faglige og sociale kompetenceroplevet glæden ved træning & ikke mindst stepKonditions- og muskeltræningUndervisningen vil primært bestå af praktiske forløb. Der vil være små spots med teoretiske elementer som fx anatomi, fysiologi og musikteori. De teoretiske temaer giver dig de bedste forudsætninger for at arbejde med step i praksis fx koreografiudvikling, musikforståelse og grundtrin. Teorien vil oftest være indarbejdet i praktiske situationer frem for klasseværelsesundervisning.I praksisdelen tager vi udgangspunkt i stepbænken og undersøger dens muligheder for både konditions- og muskeltræning.Arrangementer og oplevelserEksempler på arrangementer og oplevelserBesøg i lokale fitnesscentreBesøg af gæsteinstruktører Specialedage, hvor vi kun beskæftiger os med stepHøjskolestævne med de andre idrætshøjskoler (forår)Stepshow/performance","sites/vih.local/files/subjects/step-8050.jpg","","Fitness"
"3886","/fag/trail-track-and-road-running","Trail, track and road running","Bliv en bedre og hurtigere løber på Vejle Idrætshøjskole.Måske har du et ønske om at løbe hurtigt på 5 km., halvmaraton eller få en god oplevelse med maratondistancen. Uanset om du er erfaren løber eller nybegynder, vil du blive udfordret på dit niveau og få ny viden på området.Vi løber i højskolens smukke omgivelser i forskelligt terræn og med forskellig intensitet. Du vil blive introduceret til varierede træningsformer med fokus på kondition, styrke og koordination. Samtidig får du viden om de fysiologiske processer under løb. Vi arbejder med løbestil og løbeteknik, og der vil være mulighed for individuelle tests, så du kan se, om træningen har en effekt. Du lærer at lægge varierede træningsprogrammer, som kan vedligeholde motivationen og forebygge skader.","Motivation og løbeglæde vægtes højt, og vi har derfor fokus på både individuelle forbedringer og det sociale fællesskab på holdet.Målsætning med løb:At du bliver en bedre løber mht. løbeteknik, løbeøkonomi, kondition og styrkeForståelse for kroppens tilpasninger ved løbIndsigt i forskellige former for løb (Trailløb, bakkeløb, barfodsløb, indendørs vs udendørs løb, orienteringsløb mm.)Indhold:Vi kommer ind på følgende temaer i løbetræningen:Løbestil – Vi filmer din løbestil og arbejder videre med den i træningenAnatomi, fysiologi og tilpasning ved træningTræningslære – Principper for træningsprogrammer (træning og restitution)Variation – Sammensætning af træning, løbelege, teknik og styrkeSkader og forebyggelseMotivation","sites/vih.local/files/subjects/20130618-2k2a1079-311.jpg","https://vih.dk/sites/vih.local/files/subjects/la_santa_2013_2_of_5.jpg, https://vih.dk/sites/vih.local/files/subjects/2k2a1924.jpg","Endurance, Outdoor, Politi"
"3883","/fag/cardio-attack","Cardio Attack","Er du til træning med fuld fart på? I dette fag er din kondition i fokus, hvor syregrænsen når nye højder. Selvom timerne kan være meget forskellige, har de det til fælles, at det handler om hård og effektiv træning. Vi har fokus på puls, power, sved og positiv aggressivitet.","Cardio Attack er faget for dig, der gerne vil forbedre din fysiske form, opbygge en bedre kondition og tillære nye effektive træningsmetoder. Vi får det til at ske igennem en fusion af forskellige intervaltræningsformer - nemlig HIIT, indoor cycling og motionsboksning.High intense interval training / HIITHIIT træning hitter for tiden og med god grund. Hvis du vil have effektiv træning med gode resultater, er dette din træningsform. HIIT træningen kan have forskellige fokuspunkter, f.eks. cardio, plyometrisk styrke eller en fusion.MotionsboksningDisse timer er en blanding af fysisk træning og teknisk boksetræning / kickboksning.  Du vil lære at slå, sparke og modtage rigtigt, samt at bevæge dig i forhold til en modstander.I timerne fokuserer vi på, at du får brugt en masse energi ved at bruge hele kroppen. Det vil være timer med sved på panden og en masse positiv aggressivitet.Indoor cycling - træning med power, energi resultaterNogle af timerne bruger vi til indoor cycling, hvilket er ekstrem effektiv til at øge både kondition og forbrænding, med fokus på ryg, mave, baller og ben. Du lærer at forbedre din kørestilling og teknik for en optimal træning. Samtidig træner vi naturlige bevægelser med mindre risiko for skader, fordi kroppen ikke udsættes for skadelige stød og slag. Der vil være masser af verbal motivation, når vi sammen jagter “spinners high” - en følelse af styrke, uovervindelighed og eufori.  ","sites/vih.local/files/subjects/20130420-2k2a7957-260-62_0.jpg","","Endurance, Fitness"
"3859","/fag/sportsjournalistik","Sportsjournalistik","Et ophold på Vejle Idrætshøjskoles sportsjournalistlinje kan hjælpe dig med at få drømmen om journaliststudiet til at gå i opfyldelse. Vi har sammensat et forløb med teoretisk undervisning og praktiske opgaver med kompetente undervisere, hvor du målrettet forbereder dig til optagelsesprøven til journalistuddannelserne i Aarhus og Odense.Forløbet er skræddersyet til dig, der vil være journalist og samtidig er glad for sport og idræt. Der vil ugentligt være 17 lektioners journalistisk fordybelse samt 10 lektioners selvvalgt idræt foruden en masse udviklende og afklarende højskoleoplevelser i fællesskab med mange andre idrætsglade unge.","Hvordan bliver jeg sportsjournalist?Hvis du går og stiller dig selv det spørgsmål, så har du fundet en del af svaret her. Vejle Idrætshøjskoles sportsjournalistlinje forbedrer nemlig dine muligheder for at komme igennem nåleøjet ved optagelsesprøven på journaliststudiet og være klar til de udfordringer, der venter på studiet og i jobbet som journalist.Hjælp til optagelsesprøven på journalistuddannelsenDu forbereder dig til optagelsesprøven på journaliststudiet i over halvdelen af din samlede undervisningstid på skolen. Din undervisning på journalistlinjen er sammensat af teoretisk undervisning og praktiske forløb, hvor du arbejder med journalistisk formidling af begivenheder inden for eksempelvis sport og idræt. Vi forbereder dig specifikt til prøverne i sprog og grammatik, prøven i almen viden samt prøven i kreativ formulering. I undervisningen vil du møde journalister og tidligere elever fra Vejle Idrætshøjskole, der er kommet ind på journalistuddannelsen. Opholdet giver dig de bedste rammer til din forberedelse. Alt, hvad det kræver af dig, er en fokuseret indsats. Så får du de bedste forudsætninger for at bestå prøven.Kursets planlægning er sket i samarbejde med uddannede journalister på TV2 SPORT.Forberedelse til journalisthøjskolen (DMJX) og Journalistik på SDUUnder forberedelsesforløbet kommer du igennem:Grammatik, tegnsætning mm.VinklingLogisk tænkningKreative metoder og skriveteknikkerSamfundsviden og samfundsmæssige problematikker Inspirationsforløb med store, journalistiske personlighederDen motiverede ansøgning (SDU)Simuleret prøvedagJournalistisk praktik Journalistiske færdighederDu får særlige kurser i grammatik, tegnsætning og korrekt sprogbrug, som er en del af optagelsesprøven på Danmarks Medie- og Journalisthøjskole i Aarhus (DMJX) og Center for Journalistik på Syddansk Universitet i Odense. Du får også træning i at løse opgaver, der kræver ’logisk tænkning’, som du vil blive testet i, hvis du søger ind på DMJX.Kreativ på kommando - vigtigt for en journalistSom journalist og til optagelsesprøven skal du bruge din evne til at formulere dig kreativt og fængende. I intense forløb træner vi dig i at finde den skæve vinkel i en historie, så du fanger modtageren og pirrer nysgerrigheden. Med elementer af retorik og skrive- og interviewteknikker arbejder vi med din kreative skriveproces, så du lærer at formulere dig skarpt på kort tid - hvad enten du skal arbejde med tekst, lyd eller levende billeder.Indsigt og horisont på journalistikGennem forløbet vil vi sørge for at udvide din viden om danske og internationale samfundsforhold, så du er i stand til at sætte dine historier ind i en større sammenhæng. Du træner din iagttagelsesevne og din evne til at prioritere i større mængder af information, så du ’fanger’ den mest interessante vinkel på en historie. Med råd og sparring vil du blive bedre til at analysere og reflektere over dit tema og fremstille temaets problem klart. Undervejs vil du møde kendte eller erfarne journalister og kommunikatører, der vil dele insiderviden, råd og inspirerende anekdoter med dig og de andre på sportsjournalistiklinjen. Lars Werge, formand for Danmarks Journalistforbund, holder foredrag efter en close-up session med sportsjournalistlinjenHelt klar til prøven som journalistPå højskolen vil der være vejledning og tid til fordybelse i arbejdet med at skrive den motiverede ansøgning, som kræves for at komme ind på Center for Journalistik i Odense.Simuleret prøvedag for optagelsesprøven på journalist og journalistikVi arrangerer en ’generalprøvedag’, der mindre om de omstændigheder, du vil opleve på dagen for de to optagelsesprøver. Her skal du gennemgå de forskellige prøver i et lokale med andre ansøgere og under overvågning af undervisere, så du får mulighed for at teste dig selv inden den afgørende prøve. 2 ugers bootcamp med fokus på optagelsesprøvenLige inden optagelsesprøverne har du mulighed for at komme tilbage til skolen og deltage i 2x1 uges intensiv bootcamp, der repeterer kursets indhold, så du har de bedste forudsætninger til optagelsesprøverne.I praktik som journalistHøjskolen hjælper dig desuden med at finde et praktiksted, hvor du under dit højskoleophold kan omsætte dine evner til kravene fra ’den virkelige verden’, hvor du laver indhold til et ’rigtigt’ publikum og skal overholde ’rigtige’ deadlines.","sites/vih.local/files/subjects/20130618-2k2a1040-275-258.jpg","https://vih.dk/sites/vih.local/files/subjects/20170103-img_20170103_112017_-_kopi.jpg, https://vih.dk/sites/vih.local/files/subjects/untitled-41_-_kopi.jpg, https://vih.dk/sites/vih.local/files/subjects/jacob_2.jpg, https://vih.dk/sites/vih.local/files/subjects/20110817-politi_-_kopi_2.jpg","Boldspil, Endurance, Fitness, Outdoor"
"3580","/fag/dansk","Dansk","Her på højskolen starter nogle elever helt fra nul - andre kan lidt dansk og kommer til dansk for at blive endnu bedre. Vi arbejder derfor med opgaver på forskellige niveauer, vi lærer sammen og hver for sig og bruger tekster, billeder, musik og små film i undervisningen.Vi skal op at stå og ud på gulvet og også nørde lidt i detaljerne, når det er det, der er vigtigt. Det er fedt at være med til at få eleverne til at overskride egne grænser ift. at tale dansk, når de kaster sig ud i det, er modige, tør fejle og pludselig tør sige noget foran en større forsamling på dansk.","Det er skønt, når de kan grine lidt af sig selv, mens de lærer og f.eks. prøver kræfter med at udtale et nyt, mærkeligt dansk ord. Jeg elsker at mærke den glæde, de føler, når de knækker strukturen i det danske sprog, lærer en ny sætning eller stolt fortæller, at de nu taler dansk uden for klassen eller har holdt et oplæg på dansk i et andet fag. Det er fantastisk, når de synes, det er sjovt at lære dansk, og når de oplever, at det giver dem en ny dimension til deres tid i DanmarkEleverneLærer flere ord.Bliver bedre til at small-talke med andre på højskolen - på dansk selvfølgelig.Bliver mere sikre på sig selv ift. at tale på dansk. Bliver bedre til at forstå, læse og skrive på dansk.Inspirationsfag vælges når du kommer på skolen. Alle inspirationsfag oprettes ikke hvert semester. Du får den endelige sammensætning af fag, når du kommer på skolen. Dog plejer dansk at være på programmet.","sites/vih.local/files/_mg_8305.jpg","","Boldspil, Endurance, Fitness, Outdoor, Politi"
"3096","/fag/cops","COPS","Faget er ikke kun for dig, der gerne vil bestå den fysiske test til politiets optagelsesprøve - men også til dig, der gerne vil i god form på en varieret måde. COPS står for Coordination, Oxygen (kondition), Power (sprint/hop), og Styrke, og disse fire elementer er ingredienserne i en god grundformsopskrift.Vi er både indendørs og udendørs og varierer træningen imellem løb, styrketræning, crossfitness og cykling. Hvis vejret tillader det, bliver det også til svømning.","God grundform til Politiets optagelsesprøveDen fysiske optagelsesprøve til Politiet kræver en god grundform, da der sættes krav til alle de måder, kroppen kan arbejde på. Vi har derfor udviklet faget COPS, som står for Coordination, Oxygen (kondition), Power (sprint/hop), og Styrke. Faget kan kombineres med vores Politilinje, hvor vi jævnligt tester dig i forhold til den fysiske optagelsesprøve, og på den måde kan du arbejde målrettet hen imod drømmen om Politiet.Faget kan køre som et selvstændigt fag eller som en blanding af et eller flere af vores fysiske træningsfag - eks. Toughest, Styrketræning, Crossfitness, Bootcamp, Spinning. Vi har oplevet, at en blanding af mere specifikke fag giver dig gode muligheder for udvikling af grundformen og træningsmotivationen.Variation i træningenVi træner indendørs i både hallen og styrketræningslokalet, hvor vi kører forskellige programmer for at få styrket hele kroppens muskulatur.Samtidigt kører vi også fokus på kardio, og dette foregår oftest udendørs. Enten ved løbeture med intervaltræning og længere distancer eller ved cykling, hvor der også kan trænes kardio på en måde, der ikke belaster systemet på helt samme måde som ved løb. Vores erfaring med COPS er, at mange af vores ikke politi-interesserede elever også vælger faget, da fagets variation i struktur og træning gør det attraktivt for alle.","sites/vih.local/files/subjects/vejlestaevne-120.jpg","","Fitness, Politi"
"2964","/fag/teamplayer","Teamplayer og coaching","Hvordan optimerer du et team? ","I teamplayer kigger vi på, hvordan vi kan optimere et team - og hvordan man kan skrue en proces sammen for at skabe et hold. Hvad er din rolle på holdet i forhold til de andre? - og hvordan kan vi få holdet til at præstere bedre? Vi bruger boldspil som eksempel, men diskussionerne rækker ind i resten af livet.","sites/vih.local/files/subjects/20130618-2k2a0909-146-155.jpg","","Boldspil"
"2962","/fag/boot-camp","Boot camp","Faget udspringer i det amerikanske militær, og derfor bærer kurset også præg af dette. Det er et fag, hvor både drenge og piger vil blive udfordret igennem træning af kondition og eksplosive udholdenhed. Dette gøres igennem interval- og høj intensitetstræning. Vi bruger de mest effektive måder til at opnå god form og forbrænde energi, og du lærer at træne tidseffektivt, at opnå bedre træningsresultater, og du trimmer din krop. Vi varierer træningen med forskellige elementer fx HIIT, Tabata, cirkeltræning i ”all-out” intense forløb. ","Faget handler om at træne din kondition og din eksplosive udholdenhed gennem interval- og høj intensitetstræning. Bootcamp timerne gennemføres altid med høj energi fra både deltagere og coach, som tilsammen skaber en unik træningsoplevelse. Efter endt træningspas er følelsen ofte, at du har mere energi, til trods for at du har givet alt, hvad din krop har at give af. Høj intensitetstræning og effektiv træningVed at fokusere på intervaltræning får du mulighed for at arbejde på forskellige intensiteter. Bootcamp foregår altid i den høje ende af intensitetsskalaen. Øvelsesvalget er relativt simpelt, så det høje niveau kan holdes.Vil du forbedre din fysiske form?Bliv en hurtigere, stærkere og fysisk mere udholdende udgave af dig selv. Nogle gange skal det bare gøres simpelt. Vejen dertil kan være hård, men når du har Bootcamp vil tiden flyve afsted.Træning i fællesskabHar du nogensinde oplevet, at du kan yde mere, fordi du er i et motiverende fællesskab? Denne oplevelse vil du få, når du deltager i Bootcamp. Der er aldrig en mand, der bliver efterladt alene i en træning. Det handler om at få alle igennem den hårde træning, samtidig med at du selv bliver presset til dit yderste.","sites/vih.local/files/subjects/20170904-2k2a1522.jpg","https://vih.dk/sites/vih.local/files/subjects/20140520-20140520-2k2a7492-119.jpg, https://vih.dk/sites/vih.local/files/subjects/20150415-2k2a5970-057_0.jpg, https://vih.dk/sites/vih.local/files/subjects/20150415-2k2a5987-067_0.jpg, https://vih.dk/sites/vih.local/files/subjects/20170904-2k2a1548.jpg, https://vih.dk/sites/vih.local/files/subjects/20170904-2k2a1561.jpg","Fitness, Politi"
"2961","/fag/functional-training","Functional Training","I functional training er hele kroppen i centrum. Faget er en blanding af forskellige funktionelle træningsformer, der træner både muskler og kredsløb. Vi underviser ud fra devisen om, at muskeltræning er mere en blot styrke - det er også funktionalitet, balance og stabilitetstræning. Vi lægger derfor stor vægt på, at øvelserne har en stor praktisk værdi, og at de har en direkte overførbarhed til hverdagens bevægelse eller til en specifik sportsgren.Du vil stifte bekendtskab med træningsformer så som TRX, Core training, redondobolde, foam roller, barefoot fitness, pilates og dynamisk yoga.De forskellige træningsformer kan både supplere din egen form og dine svage spots og bruges som supplement til din/dine andre idrætsformer/sport samt som en (gen)optræning for de, der eksempelvis ønsker at løbetræne.","Muskel- og mobilitetstræningVores mål med Functional training er:at få indblik i forskellige former for muskeltræning og mobilitetstræningat udvikle dine praktiske færdighederat optimere din egen træningstilstand - blive stærkereat udvikle større kropbsbevidsthedFunktionel træningI Functional training træner vi varieret. Undervisningen er en kombination af forskellige funktionelle træningsformer eksempelvis TRX, Core training, redondobolde, foam roller, barefoot fitness, muskeltræning, pilates og dynamisk yoga.Med udgangspunkt i hele kroppen og i den praktiske træning vil du blive præsenteret for forskellige teoretiske aspekter ved træningen. De teoretiske aspekter vil give dig de bedste forudsætninger for at arbejde med din egen træningstilstand.","sites/vih.local/files/subjects/20150415-2k2a6720-409.jpg","","Fitness"
"2960","/fag/indoor-cycling","Indoor cycling","Har du hørt om ""runners high?"" I indoor cycling på Vejle Idrætshøjskole jagter vi ""spinners high""!Indoor cycling er træning med power og energi og det giver resultat.","Indoor cycling er ekstrem effektiv til at øge både kondition og forbrænding, med fokus på ryg, mave, baller og ben. Du forbedrer din kørestilling og teknik for en optimal træning. Samtidigt er risikoen for skader minimal, da træningen ikke udsætter kroppen for skadelige stød og slag, og det er naturlige bevægelser, der arbejdes med. Fokus er på et godt humør og en højere syregrænse i et træningsfællesskab med høj musik og masser af verbal motivation. Sammen jagter vi “spinners high” - en følelse af styrke, uovervindelighed og eufori. Der er mulighed for at blive certificeret instruktør. ","sites/vih.local/files/subjects/20150415-20150415-2k2a5924-030.jpg","","Endurance, Fitness"
"2958","/fag/futsal","Futsal","Futsal er lige nu inde i en rivende udvikling. Mange sydeuropæiske og sydamerikanske spillere er vokset med dette spil og de giver udtryk for, at spillet har været et vigtigt fundament for deres fodboldkundskaber. Futsal er indendørs fodbold, men uden bander.  Der spilles med en særlig bold, der ikke hopper nær så meget som en almindelig fodbold. Bolden inviterer til finter, hurtig boldomgang, lækre detaljer og kreativitet. 4 spiller + målmand på hvert hold gør, at der spilles på meget små områder. Dermed sættes man under konstant pres, som er med til at forbedre din boldkontrol og evnen til at træffe bedre beslutninger. Det at der spilles uden bander kræver samtidig, at spillerne foretager masser af løb uden bold.","Et par prominente navne har også haft futsal helt inde under huden.I MIN BARNDOM I PORTUGAL SPILLEDE VI STORT SET IKKE ANDET END FUTSAL. SPILLET I DE SMÅ OMRÅDE HJALP MIN TEKNIK, OG JEG FØLTE MIG ALTID FRI, NÅR JEG SPILLEDE FUTSAL. HAVDE DET IKKE VÆRET FOR FUTSAL, HAVDE JEG IKKE VÆRET DEN  SPILLER, JEG ER I DAG.- Christiano RonaldoSOM LILLE DRENG I ARGENTINA SPILLEDE JEG FUTSAL PÅ GADERNE OG FOR MIN KLUB. DET VAR FANTASTISK SJOVT, OG DET HJALP MIG MEGET I FORHOLD TIL AT NÅ DERTIL, HVOR JEG ER I DAG.- Lionel Messi","sites/vih.local/files/subjects/images_0.jpg","","Boldspil"
"2957","/fag/multisport","Multisport","Er du til al slags sport?","I multisport får du mulighed for at prøve en masse forskellige idrætsgrene. Vi afprøver boldspil, fitness og outdooraktiviteter. Du får lov til at stifte bekendtskab med det, du ikke har prøvet før, og du har selv stor indflydelse på, hvilke idrætsgrene du gerne vil prøve.","sites/vih.local/files/subjects/f14_venneweekend-111.jpg","https://vih.dk/sites/vih.local/files/subjects/20130420-2k2a7723-058-19.jpg, https://vih.dk/sites/vih.local/files/subjects/f14_venneweekend-081.jpg, https://vih.dk/sites/vih.local/files/subjects/20130517-img_9504-341-15.jpg","Boldspil, Fitness, Outdoor"
"2956","/fag/crossfitness","Crossfitness","Crossfitness handler om kernestyrke og kondition, som vi træner gennem varierede funktionelle helkropsbevægelser – ofte med kettlebells, vægtstænger, frivægte mm. Vi skaber en intens træningsatmosfære med musik og masser af motiverende tilråb. Du lærer mange af de teknisk svære øvelser som fx turkish get-up, thrusters og jerks, samt gymnastiske øvelser som fx pistols squats og handstand push ups.","En typisk crossfitness time vil bestå af en opvarmning, teknisk træning efterfulgt af en workout. Workouten er af kortere varighed og foregår med høj intensitet, og her kan sværhedsgraden være vekslende. Udover det arbejder vi også med trigger-point og mobilitetstræning.Den fuldkomne atletI crossfitness handler det om at blive den fuldkomne atlet og kunne mestre mange tekniske øvelser indenfor styrkeløft, olympiske løft, gymnastiske øvelser, samt være god i styrke og cardio. Vi bestræber os på at blive bedre indenfor alle parametrene i løbet af undervisningen, og dermed kunne komme tættere på målet om at blive den fuldkomne atlet - dette igennem udfordrende og hårde træningspas.Progression og teknisk svære øvelser Crossfitness dyrkes af mange motionister verden over. Selvom det er en sportsgren, der kan kræve meget, hvis man ønsker at mestre alt indenfor sporten, så kan alle være med til crossfitness på Vejle Idrætshøjskole. Det vil sige, at vi starter med det fundamentale og arbejder videre derfra. Timerne vil bestå af meget tekniktræning og ved endt forløb, vil du have tillært dig viden indenfor nogle teknisk svære øvelser især i de gymnastiske øvelser og olympiske løft. Der arbejdes med skaleringsmuligheder, således at hvis en øvelse bliver for svær, så laves der et alternativ. ","sites/vih.local/files/subjects/20131017-2k2a6015-040.jpg","https://vih.dk/sites/vih.local/files/subjects/20150415-2k2a6631-366.jpg, https://vih.dk/sites/vih.local/files/subjects/aabent_hus_15_of_75.jpg, https://vih.dk/sites/vih.local/files/subjects/20150415-2k2a6025-091_2.jpg","Endurance, Fitness, Politi"
"2954","/fag/mountainbike","Mountainbike","Er du til tekniske stigninger eller hurtige nedkørsler? Har du mod på at udfordre din teknik og måske overvinde nogle grænser? Man kan meget mere på en MTB, end de fleste er bevidste om. På Vejle Idrætshøjskole lærer du basisteknikker omkring f.eks. gearskift, bremseteknik, svingteknik m.m., og herefter omsætter vi alle disse teknikker ude i terrænet omkring skolen, hvor vi har passager i alle sværhedsgrader. Derudover er MTB også et træningsfag, hvor vi kører længere ture og laver forskellige former for intervaltræning, så vi bliver i stand til at tage cyklen ud på længere ture.","Mountainbike - Adrenalin og kondition!Vi udfordrer os selv på mountainbike rundt i det kuperede skovterræn, som omgiver skolen. Du bliver fortrolig med cyklen og udvikler grundlæggende køreteknikker. Skolen stiller mountainbikes og hjelme til rådighed, hvis du ikke selv har en. Vi garanterer tekniske op-/nedkørsler, fart og masser af adrenalin.Balance og køreteknik på mountainbike Du kommer til at arbejde med balance og basale køreteknikker såsom at skifte gear optimalt, at bremse mest hensigtsmæssigt og at angribe sving på den rigtige måde. Når disse teknikker sidder fast, begynder vi at bygge mere og mere på din teknik, så du bliver fortrolig med cyklen, og hvad den kan.Mountainbike i stejlt terræn i VejleHerefter kan vi begynde at udfordre os selv med stejlere nedkørsler - evt. med drops og hop, hvor adrenalin kommer til at pumpe rundt i kroppen. Vi kan efterhånden og klare stejlere og stejlere stigninger, hvor det i stedet er mælkesyren, der pumper rundt i kroppen.Der er meget fokus på teknik i faget, men det er også et træningsfag, hvor vi både cykler længere ture samt laver intervaltræning, så vi rykker ved grundformen.Yderligere kommer vi til at fokusere på vedligehold af cyklerne. Det er hårdt for materiellet at køre rundt i mudder og jord hele tiden, så cyklerne kræver vedligehold og justering. Derfor lærer du basale ting som gearjustering, rengøring, smøring og naturligvis skift af slange/dæk.","sites/vih.local/files/subjects/img_4318.jpg","https://vih.dk/sites/vih.local/files/subjects/2k2a4168_0.jpg, https://vih.dk/sites/vih.local/files/subjects/2k2a4667_-_kopi.jpg","Endurance, Outdoor, Politi"
"2953","/fag/adventure-360","Adventure 360","Adventure 360 er for dig, der er til anderledes udfordringer i naturen. Faget er en blanding af tekniktræning og fysisk aktivitet, men handler også om spændende oplevelser og udfordringer i naturen. I adventure 360 kommer du omkring mountainbike, orienteringsløb, inliners og klatring. Faget byder også på spotaktiviteter; fx skydning, vinterbadning, duathlon, forhindringsbane og langrendsløb i vinterperioden.","I faget Adventure 360 prøver du kræfter med flere forskellige udendørsdiscipliner: mountainbike, orientering/trailløb, inliners og især klatring. Du har mulighed for at få et sikringsbevis i klatring, som kan anvendes efterfølgende i studiejob hos fx teambuildingfirmaer. Faget byder også på spotaktiviteter; fx skydning, vinterbadning, forhindringsbane, rappelling, cross duathlon, langrendsløb i vinterperioden, hvis vejret tillader det m.m.Nørreskoven - perfekt til mountainbike og trailløbAdventure 360 er en blanding af tekniktræning og fysisk aktivitet, men handler også om spændende oplevelser og udfordringer i naturen. Vi har som noget ret unikt skoven lige i baghaven, som danner ramme for mange af vores aktiviteter. I Nørreskoven rummer nogle af Danmarks fedeste mountainbike muligheder, derudover har vi et stort klatretårn ude samt en indendørs klatrevæg. Faget kan vælges af alle uanset niveau, blot du har lyst til at være ude og være aktiv.Skolen stiller alt teknisk udstyr til rådighed: Mountainbikes, klatreudstyr, kompas m.v. Du skal blot have et par løbesko og træningstøj til at være ude i.","sites/vih.local/files/subjects/20130820-2k2a4734-020_0.jpg","https://vih.dk/sites/vih.local/files/subjects/20131017-2k2a6088-109.jpg, https://vih.dk/sites/vih.local/files/subjects/2k2a4168.jpg, https://vih.dk/sites/vih.local/files/subjects/skydning.jpg, https://vih.dk/sites/vih.local/files/subjects/langrend.jpg","Outdoor"
"2459","/fag/dans","Dans","Måske har du oplevet følgende: ”Musikken spiller, du står i baren og spiller smart, men du er ikke smart, for du tør ikke komme ud på dansegulvet”.Det får vi i dette fag rådet bod på. Du lærer og danse, men ikke mindst du lærer at nyde og danse.","Salsa, cha-cha-cha, rumba, jive, vals og argentinsk tango kunne være nogle af de danse vi stifter bekendtskab med.I pardansen har manden og kvinden forskellige roller. Manden skal lære at føre, mens kvinden derimod skal lære at følge manden.God musik og samværet med de andre giver god energi og højt humør.Det er faktisk nemmere end du tror!Inspirationsfag vælges når du kommer på skolen. Alle inspirationsfag oprettes ikke hvert semester. Du får den endelige sammensætning af fag, når du kommer på skolen.","sites/vih.local/files/dans2.jpg","","Boldspil, Endurance, Fitness, Outdoor, Politi"
"2419","/fag/spoken-word","Spoken word","Vi bliver bedre til at præsentere det levende ord og levere vores egne tekster med indlevelse og attitude.I spoken word arbejder vi med at blive bedre til at stå frem og præsentere det levende ord. Alt afhængig af budskabet i din tekst kan det betyde, at du skal overveje, hvordan du vil udtrykke dig via fx kropssprog, toneleje eller rytme i levering og meget andet.","Du øver dig i at tænke på performance i skriveprocessen og bliver bedre til at levere dine tekster, så folk føler sig fanget af dine ord og din opførelse.Inspirationsfag vælges når du kommer på skolen. Alle inspirationsfag oprettes ikke hvert semester. Du får den endelige sammensætning af fag, når du kommer på skolen.","sites/vih.local/files/ole_taler.jpg","","Boldspil, Endurance, Fitness, Outdoor, Politi"
"1245","/fag/filmklassikere","Filmklassikere","De bedste film er de film, der bliver siddende i kroppen og tankerne længe efter, at filmen er slut. Et fællestræk for de allerbedste film er, at de berører selve kernen af det at være et menneske. ","I filmklassikere vil du opleve nogle af filmhistoriens allerbedste film og de største danske film. Målet er at gøre dig mere nysgerrig på filmhistorien, og at du oplever, at film kan ændre vores selvopfattelse og syn på livet.Inspirationsfag vælges når du kommer på skolen. Alle inspirationsfag oprettes ikke hvert semester. Du får den endelige sammensætning af fag, når du kommer på skolen.","sites/vih.local/files/subjects/20131030-2k2a6751-033.jpg","","Boldspil, Endurance, Fitness, Outdoor, Politi"
"1221","/fag/guitar","Guitar","Når vi har haft guitar et stykke tid, vil alle helt sikkert være klar til at spille op til fællessang eller være klar til at være helten med den 6-strengede.  Hvem vil ikke gerne være guitar-hero for en stund?","På guitar starter vi helt fra bunden. Skolen har guitarer, som kan lånes, og så er det ellers med at starte fra den første streng og den første akkord.Vi arbejder med forskellige akkorder, forskellige sange, og forskellige måder at spille på. Vi arbejder med at tyde forskellige slags noder, så vi kan tage en sangbog og spille derfra.Inspirationsfag vælges når du kommer på skolen. Alle inspirationsfag oprettes ikke hvert semester. Du får den endelige sammensætning af fag, når du kommer på skolen.","sites/vih.local/files/subjects/fag-guitar.jpg","","Boldspil, Endurance, Fitness, Outdoor, Politi"
"1218","/fag/faellessang","Fællessang","I fællessang synger vi nye og gamle sange. Sange, som er radiohits, og sange, der sjældent er hørt før. Eleverne har selv mulighed for at komme med forslag, og der er altid en helt speciel stemning, når det enkelte elevhold får lov at synge deres yndlingssang. Og yndlingssange er der nok af, så stemning er der også masser af.At synge giver livsglæde og en følelse af fællesskab, og sangenes betydning kan sætte tanker i gang. Alt sammen vigtige aspekter ved et ophold på VIH.","Eksempler på sange kan være: Fix You - Coldplay, Your Song - Elton John, Summer of 69 - Bryan Adams, Nobody's Man - Tina Dickow, Kom Tilbage Nu - Danseorkestret, Jutlandia med Kim Larsen og selvfølgelig vores helt egen VIH-sang.","sites/vih.local/files/img_9804.jpg","","Boldspil, Fitness, Outdoor, Politi"
"1198","/fag/det-gaelder-livet","Det gælder livet","Hvad forventer du af livet - og hvad forventer det af dig? ""Det gælder livet"" er obligatorisk, fordi vi mener, at det er vigtigt at tale om livet. At tale om livet betyder, at vi diskuterer de spørgsmål, valg og vilkår alle mennesker møder og bliver konfronteret med i deres liv og hverdag.Vi forholder os til temaer som fordomme, tabuer, venskaber, kærlighed, ondskab, døden.","Vi diskuterer spørgsmål som hvad er et godt menneske? Hvad er forskellen på selvværd og selvtillid? Hvad er meningen med livet? Hvordan påvirker mennesker hinanden? Kan jeg selv tage æren for det gode, jeg gør?Vi tror på, at det at tale om livet giver os mere mod på hverdagen og livets udfordringer, fordi diskussioner om vores liv gør os klogere på, hvad vi kan forvente af livet, hvad der betyder noget for os, hvem vi er og hvorfor vi er, som vi er.","sites/vih.local/files/general/lange-1-2_0.jpg","","Boldspil, Fitness, Outdoor, Politi"
"1193","/fag/kor","Kor","I faget rytmisk kor handler det om at lære at synge og at lære at synge sammen med andre.","Vi arbejder i dybden med at synge rent, klang og intonation. Repertoiret spænder hovedsageligt over nyere tre- og firestemmige pop/rock-arrangementer. Eksempler herpå kunne være arrangementer af kunstnere som Robbie Williams, Saybia, Queen og Danseorkestret. Vi arbejder sammen med skolens musiklinje og laver ind i mellem større koncerter med kor og orkester. Der er ingen nødvendige forudsætninger for at vælge rytmisk kor. Du skal dog være klar på at få nogle fede musikalske oplevelser! Inspirationsfag vælges når du kommer på skolen. Alle inspirationsfag oprettes ikke hvert semester. Du får den endelige sammensætning af fag, når du kommer på skolen.","sites/vih.local/files/subjects/idraetshoejskolen_77.jpg","","Boldspil, Endurance, Fitness, Outdoor, Politi"
"1039","/fag/international-class","International Class","International class is a unique way to learn about Denmark – Danish language as well as culture.","We practise the Danish language and learn about the Danish culture and society.Through sports, discussion and classroom teaching we develop an understanding of the Danish society, Danes and each other’s home countries, as we also share information about our own country.A typical class will usually contain a Danish lesson followed by an introduction or discussion about a cultural theme. We relate to anything from politics and societal structures to leisure activities or cultural traditions/taboos.We develop our personalities, knowledge and intercultural friendships in informal teaching processes that build upon respect and trust, where we will challenge your personal stances and your views on life.The class usually makes excursions or visits to Denmark behind-the-scenes that tourists don’t get the chance to visit:a typical Danish home a Danish high school a Danish care homea Danish farma smaller Danish town","sites/vih.local/files/subjects/20131010-2k2a5901-046_3.jpg","","Boldspil, Fitness, Outdoor"
"1038","/fag/idraetspsykologi","Idrætspsykologi","De fleste af os beskæftiger os på den ene eller den anden måde med idrætspsykologi. Udfordringen kan være, at de færreste, gør det på et bevidst plan.Måske oplever vi, at være udfordret eller måske ønsker vi blot at komme i mål med det vi har sat os for. Der kan være rigtig mange grunde til at arbejde med idrætspsykologi.Idrætspsykologi giver dig selvindsigt og værktøjer, som kan være med til at forbedre dine præstationer.","”Ved du, hvad du gør? Kan du, hvad du vil?”Ovenstående citat er omdrejningspunktet for faget idrætspsykologi. Indenfor flere sportsgrene antager eliteidrætsudøverne, at op i mod 90% af deres præstation er den mentale del. Vi undersøger, hvad vi rent faktisk gør, både når det går godt og skidt. Udnytter vi vores fulde potentiale? Oftest er vi selv i vejen for vores egen succes. Hvordan får du sporet dig ind på hensigtsmæssige tanker og følelser, som er helt afgørende for din præstation? Hvordan sætter du mål og hvordan bliver du en vindertype? ""Don´t just say it - be it"".Målat du tilegner dig viden om væsentlige områder af idrætspsykologienat du lærer at anvende mental træning i din egen idrætIndholdhvordan bruger man idrætspsykologi til træning og i konkurrence.du indlærer metoder og afprøver dem i praksis på egen krop.du får indsigt i, hvordan man kan bruge de samme metoder som støtte i din kommende uddannelse og i dit arbejdsliv.Eksempler på områdermålsætningkoncentration og fokuseringat sætte sig opmotivationsanseforestillingerhvad vil det sige at være klargør det hele godt","sites/vih.local/files/subjects/410852_10150843197286573_717637024_o.jpg","","Boldspil, Endurance, Fitness, Outdoor"
"1036","/fag/personlig-power","Teambuilding og personlig power","Faget handler om dig og din gennemslagskraft - din personlig power.Hvordan du sælger dig selv bedst til fx en jobsamtale, hvordan du bliver istand til at stå foran en større forsamling, hvordan du laver et godt oplæg eller holder en god tale. Faget handler også om at lære sig selv bedre at kende, både de gode/positive og mindre gode/mindre positive sider. Vi arbejder med coaching teknikker, elementer fra positiv tænkning/positiv psykologi. Vi lærer at et nej nogle gange kan være lige så godt som et ja. Kort fortalt, i faget personlig power kommer du rundt om mange teknikker, redskaber og gør dig erfaringer, som gerne skal gøre dig istand til at klare dig bedre i forskellige fremtidige situationer","Personlig power henvender sig til både dig, der allerede kan holde oplæg, kender styrker og svagheder ved dig selv eller allerede har arbejdet med positiv tænkning og ansøgninger men ønsker at videreudvikle dine kompetencer, men i lige så høj grad også til dig, som gerne vil lærer og arbejde med disse ting, dig som gerne vil kunne stå foran en større forsamling og som gerne vil lære at stole mere på dig selv, og som har mod på at arbejde med dig selvI personlig power bliver din personlighed og fremtoning udfordret. Der arbejdes med mange elementer som tilsammen udgør din power: udstråling, kropssprog, argumentation dette gør vi gennem øvelser og rollespil.Du lærer at holde et godt oplæg og turde står foran en forsamling. Vi arbejder seriøst med at forbedre dine præsentaionsteknikker og du kan blive filmet og få feedback når du holder oplægCV og ansøgningsskrivning indgår som en del af undervisningen, så du efterfølgende har disse ting på plads og måske endda er klar til at søge et job eller har lavet en kvote 2 ansøgning til dit drømmestudie.Vi laver øvelser, der træner koncentration, din evne til at lytte, gør dig opmærksom på hvem du selv er og hvordan din væremåde påvirker -og opfattes af andre.  Vi taler også om stress og dårlig selvværd. Vi benytter personlighedstest, så vi lærer os selv og hinanden bedre at kende og ikke mindst lærer, at vi er forskellige individer, det er rigtig for dig, er måske ikke det der er rigtig for mig. Vi øver os i at sige fra og til og vi øver os i at kunne skelne positive og negative ting ad. Vi arbejder med målsætning, hvor du lære coachingteknikker til at kunne coache dig selv eller dine venner til at nå dit/deres mål.Personlig power giver dig redskaber, som du kan tage med på din videre vej i livet.","sites/vih.local/files/subjects/20131010-2k2a5865-015_2_0.jpg","","Boldspil, Endurance, Fitness, Outdoor"
"653","/node/653","Politik","Politik er et debatfag, hvor refleksioner og diskussioner omkring politik er i fokus. Vi tager udgangspunkt i aktuelle politiske situationer eller andre emner, der er oppe i tiden. Undervisning tager udgangspunkt i hverdagens politik, hvor udfordringerne med eksempelvis integration, SU til uddannelse eller konflikter ude i verden konstant udfordrer vores samfund og behøver debat. ","Vores samfund er under konstant udvikling, som i et demokrati også kræver konstant debat og diskussion. Politik er et diskussionsfag, hvor vi prøver at involvere og opfordre eleverne til denne form for debat. I undervisningen bruges politikerne, befolkningen og medierne som aktører, når akuelle debatter, konflikter eller hverdagssituationer skal belyses og tages stilling til. Alle har ret til deres holding, men det forlanges, at alle diskussioner holdes i en god tone, hvor eleverne har respekt for hinanden.Eksempler på emner, der kan tages op:Terror - hvorfor er vi bange?Hvorfor skal Politiet have flere penge og gymnasierne færre?Udlændinge - er danskerne tolerante?Danske værdier?Regeringens/partiers holdingHvorfor betale så meget i skat? Er SU'en høj nok til danske studerende?Inspirationsfag vælges når du kommer på skolen. Alle inspirationsfag oprettes ikke hvert semester. Du får den endelige sammensætning af fag, når du kommer på skolen.","sites/vih.local/files/hojskole.jpg","","Boldspil, Endurance, Fitness, Outdoor, Politi"
"652","/fag/styrketraening","Styrketræning","Styrketræning er for dig, der gerne vil vide mere om, hvordan du får mere ud af din egen træning. Vi arbejder med indlæring af korrekte teknikker og optimering af styrketræningsprogrammer. Funktionalitet er et nøgleord i undervisningen, så den forbedrede styrke kan bruges til noget i din egen idræt og i hverdagen.Vi arbejder hovedsageligt med frie vægte og kropsvægt i træningen.","Træning med frie vægteVi bruger hovedsageligt frie vægte. Håndvægte, kettlebells, kropsvægt og vægtstænger danner basis for den funktionelle træning. I en stor del af undervisningen arbejder vi med den tekniske udførelse af øvelserne. Vi arbejder med de klassiske løft som squat og dødløft, men udfordrer dig også med 'man builder' og 'turkish getup'.Specielt tilrettelagt programVi hjælper dig med at planlægge en træning, så den er målrettet dine mål og ønsker for træningen. Skal du bruge styrketræning ift. en specifik idrætsgren, for din sundheds skyld eller for at komme til at se ud? Vi hjælper gerne med alle dele.Progression i styrketræningenVi arbejder med forskellige måder at sørge for progression i træningen på. Vi lærer dig, hvordan du kan bruge tests eller en mere pragmatisk tilgang til at sikre stadig fremgang.Eksplosiv styrke, maksimal styrke og muskeltilvækstVi arbejder med forskellene og lighederne mellem at lave styrketræning for at forbedre ens eksplosive styrke og bygge flere muskler på kroppen.","sites/vih.local/files/subjects/20131123-2k2a8674-027.jpg","","Fitness, Politi"
"650","/fag/fitnessinstruktoer","Fitnessinstruktør","Vi gennemgår fitnessinstruktøruddannelsen fra Foreningsfitness, som er en anerkendt uddannelse fra DGI og Dansk Idrætsforbund. Med instruktørbeviset i hånden er du kvalificeret til at blive fitnessinstruktør i en forening eller i et kommercielt fitnesscenter. Som fitnessinstruktør bliver du i stand til at lave træningsprogrammer til motionister - og du får selv et større indblik i træningsplanlægning, som du kan udnytte i din egen træning. Vi arbejder primært med funktionel træning, hvor øvelserne har stor overførbarhed til hverdagen eller til en specifik sportsgren. ","Fitnessinstruktør gør dig skarpere på kroppens opbygningVi beskæftiger os med, hvordan kroppen er bygget op. Vi kigger på kroppens fysiologi og ser på, hvordan musklerne, lungerne, nervesystemet og kredsløbet fungerer. Vi bliver skarpere på kroppens anatomi. Hvordan er skelettet bygget op, og hvor sidder musklerne egentlig henne på kroppen? Vi forsøger at kigge på det i praksis.Fitnessinstruktør viser dig, hvordan kroppen virkerVi ser på, hvordan kroppen virker i hvile og under arbejde. Hvordan kommer man i bedre kondition? Hvordan bliver man stærkere? Hvordan får man større muskler?Med udgangspunkt i kroppens anatomi laver vi bevægelsesanalyser, så vi kan tilrettelægge det bedst mulige styrketræningsprogram til almindelige motionister. Vi tager et funktionelt udgangspunkt, så træningen også kan bruges i hverdagslivet eller i din egen idrætsgren. Gennem den praktiske indgangsvinkel får du selv en større kropsbevidsthed.Du lærer teknikVi arbejder primært med klassiske styrketræningsøvelser, som vi gennemgår grundigt, så din egen teknik bliver bedre - og du får større indsigt i, hvordan du kan formidle øvelserne til en anden.Fitnessinstruktør arbejder med din personlige instruktørrolleHvordan afdækker man, hvilke behov andre har til deres træningsprogram? Hvordan udarbejder man et træningsprogram med udgangspunkt i disse behov? Hvordan formidler man træningsprogrammet videre til vedkommende? Vi arbejder med dine formidlingsevner - og forøger dine personlige ressourcer. Efter endt uddannelse er du klædt på til at kunne lave individuelle træningsprogrammer til motionister.Fitnessinstruktør hjælper dig med at tilrettelægge træningEn stor del af fitnessinstruktør beskæftiger sig med, hvordan du bliver bedre til at tilrettelægge træning - enten for dig selv eller andre. Vi arbejder både med styrketræning og konditionstræning, men det største fokus i uddannelsen ligger på det styrketræningsmæssige.Fitnessinstruktør præsenterer forskellige målgrupperSom udgangspunkt retter uddannelsen sig mod almindelige motionister. Vi arbejder dog også med særlige grupper: børn, voksne, ældre, overvægtige, rygtræning, træning af gravide.Du får kursusbevis i fitnessinstruktørVed fagets afslutning modtager du et kursusbevis, så du kan søge job som fitnessinstruktør. Mange af vores tidligere elever arbejder nu som instruktører i kommercielle og foreningsbaserede fitnesscentre. Du skal deltage i alle timerne og betale omkring 300 kroner for materialerne, og til sidst i forløbet er der en mindre prøve for, at du kan blive certificeret foreningsfitness instruktør.Du får følgende kvalifikationerDu vil blive inspireret og opleve glæden ved at bruge din krop.Du vil uanset færdighedsniveau optimere din træning.Du vil stifte bekendtskab med nye tendenser og derved opnå en større indsigt i fitnessverdenen.Du er parat til at søge job i et fitnesscenter og/eller bedre forberedt til dit fysioterapeut-, læge- eller idrætsstudie.","sites/vih.local/files/subjects/hjemmeside_1_of_1.jpg","","Fitness"
"649","/fag/fodbold","Fodbold i blok 1","På fodbold arbejder vi med forskellige spillestile og kigger forskellige roller og afprøver det i praksis. Vi arbejder med forskellige måder at træne på - både teknisk, taktisk og fysisk.Der er mulighed for at tage nogle af DBUs C-trænerkurser, som er første led i at opnå UEFA's trænerlicens.Du kommer til at møde trænere, der selv har spillet på højt niveau og som elsker spillet. Kombinerer du fodbold med fodboldakademiet eller futsal, kommer du til at træne mere end 10 timer om ugen.","Vi prioriterer udvikling og spilleglæde utrolig højt. Fodbold skal være sjovt, udfordrende og inspirerende og være med til at højne niveau og engagement for den enkelte spiller. For os er fodbold mere end blot et spil med 22 mand og to mål. Vi arbejder kontinuerligt på at finde og efterprøve nye indgangsvinkler til spillet - men har selvfølgelig hele tiden bolden i centrum.Mål med fodboldblive en bedre spiller både teknisk, fysisk og taktiskat få større forståelse for selve spilletat få indsigter som træner (DBUs C-kurser)Indhold på fodboldVi vægter den alsidige og tematiske træning med fokus på flere forskellige facetter af fodboldspillet. Selvfølgelig i kombination med et fast fundament af træningens grundelementer.dribling, jonglering og tricksløbeskoling og koordinationforsvarssystemer - zone, blok, sydamerikanskafslutningstræningDBU C-træner kurserangrebsåbningerspillesystemertemaer som italiensk og brasiliansk træningintervalspilkampe (som du selv er med til at arrangere)stævner mod andre højskolerat overvære kampe på Jokri Park (Vejle Stadion)C-træneruddannelsen på højskoleVi udbyder nogle af DBUs C-trænerkurser. DBUs C-træner er en 60 timers lang træneruddannelse, der sættes sammen af forskellige moduler.Januar - marts: Fodbold og motorik (3 timer)Marts - juni: Spilforståelse (3 timer)August - oktober: Børnefodboldens Basis (6 timer)Oktober - december: Øvelsesgeneratoren (3 timer)Der er et gebyr for at få kursusbeviset på alle kurserne. På fodboldakademiet tager du nogle af de andre C-kurser.Træning i Vejle Boldklub eller andre klubberVejle Idrætshøjskole kan hjælpe med at formidle kontakt til Vejle Boldklub eller andre nærliggende klubber, hvis du ønsker at træne i en klub samtidig med dit højskoleophold. ","sites/vih.local/files/subjects/2k2a8568_-_kopi.jpg","","Boldspil"
"646","/fag/badminton-og-racket-sports","Badminton og racket sports","I badminton og racket sports tager vi udgangspunkt i glæden ved ketsjersport. Udover badminton vil der være squash og indendørs tennis, shorttennis, bordtennis og andre mere alternative former for ketsjersport. Målet er, at vi dygtiggør os i de sportsgrene, der kan kaldes slagboldspil og får indblik i psykologien bag spillene. Hvorfor taber jeg altid i tredje sæt, når jeg spiller kamp? Hvorfor laver jeg mange dobbeltfejl? Hvorfor spiller jeg ikke så godt, som jeg føler, jeg kan? Hvorfor bliver jeg nervøs, når jeg spiller? Hvad er fairplay? Det er nogle af de spørgsmål, vi kredser om i undervisningen. I faget tager vi udgangspunkt i dig og din motivation og lægger vægt på, at du får en større indsigt i og større oplevelse af idrætsgrenene.","Der er flere ligheder mellem fagets idrætsgrene. Derfor tilbyder vi et fag for alle dem, der gerne vil have en ketsjer i hånden, når de dyrker sport. Måske har du en særlig forkærlighed for en af fagets idrætsgrene, men gerne vil ’snuse’ lidt til de andre. Det gør ikke noget, at du ikke har prøvet de forskellige idrætsgrene før.I faget tager vi udgangspunkt i dig og din motivation og lægger vægt på, at du får en større indsigt i og større oplevelse af idrætsgrenene.Teknisk taktisk og mental træningDer fokuseres især på teknisk og taktisk træning, men træningen omfatter også mental træning. Under den mentale af undervisningen vender vi flere spørgsmål. Hvad er fairplay? Hvad tænker du, når spiller? Hvad skal der til for at få en bedre oplevelse af idrætsgrenen? Vi bestræber os på at komme ud og opleve en kamp på højt niveau i en af fagets idrætsgrene, så du kan opleve nogle af Danmarks eller verdens bedste spillere.","sites/vih.local/files/subjects/www-6.jpg","","Boldspil"
"643","/fag/fitness-360","Fitness 360","Har du lyst til at udforske fitnessverdenens mange træningsformer? I Fitness 360 kommer vi hele vejen rundt - fra styrketræning til alle mulige forskellige former for holdtræning som EFFEKT/pilates, store bolde, redondobolde og meget mere. På Vejle Idrætshøjskole er udgangspunktet funktionel træning. Vi underviser ud fra devisen om, at muskeltræning er mere en blot styrke - det er også funktionalitet, balance og stabilitetstræning. Vi lægger derfor stor vægt på, at øvelserne har en stor praktisk værdi, og at de har en direkte overførbarhed til hverdagens bevægelse eller til en specifik sportsgren.","Mål med Fitness 360Fitness 360 handler om at stifte bekendtskab med forskellige træningsformer inden for fitness. Du vil få smagsprøver på en række forskellige fitnessformer.IndholdVi arbejder bl.a. med følgende spots.StyrketræningCardiotræningFunktionel træning (ex. EFFEKT, pilates)Redondo bold (den lille træningsbold)Indoor cyclingCircuit trainingHoldtræning (fx zumba)CrossfitMotionsBoxing","sites/vih.local/files/subjects/20150415-2k2a6652-373.jpg","","Fitness, Politi"
"641","/fag/fodboldakademi","Fodbold i blok 2","På fodboldakademiet fokuserer vi på de individuelle færdigheder. Vi arbejder meget med teknisk træning, og hvordan man gør træningen mest effektiv.Vi arbejder med målsætninger og tests, så du kan se din fremgang hen over semesteret.Der er mulighed for at tage nogle af DBUs C-trænerkurser, som er første led i at opnå UEFA's trænerlicens.Du kommer til at møde trænere, der selv har spillet på højt niveau og som elsker spillet. Kombinerer du fodboldakademiet med fodbold, kommer du til at træne mere end 10 timer om ugen.","Mål med fodboldakademietat blive en bedre spiller rent tekniskat arbejde med tests og målsætningat udvikle dig som træner (DBU C-trænerkurser)På fodboldakademiet træner du:teknisk træning og koordinationstræningpositionsspiltræneruddannelsetestning af udholdenhed, springstyrke og hurtighedfunktionel, fodboldrelateret styrketræningkampe (som du selv er med til at arrangere)idrætsstævner mod de andre højskolerat overvære kampe på Jokri Park (Vejle Stadion)C-træneruddannelsen på højskoleVi udbyder nogle af DBUs C-trænerkurser. DBUs C-træner er en 60 timers lang træneruddannelse, der sættes sammen af forskellige moduler.September - oktober: Leg til landshold (3 timer)Marts - juni: Masser af mål (6 timer)Der er et lille gebyr for at få kursusbeviset. På fodbold tager du nogle af de andre C-kurser.Træning i Vejle Boldklub eller andre klubberVejle Idrætshøjskole kan hjælpe med at formidle kontakt til Vejle Boldklub eller andre nærliggende klubber, hvis du ønsker at træne i en klub samtidig med dit højskoleophold.","sites/vih.local/files/subjects/vih_fag_-_fodbold_eb_16_of_34-1.jpg","","Boldspil"
"639","/fag/adventurerace","Adventurerace","Adventurerace er en sport for de seje med action, sved og power. Du vil blive udfordret personligt, fysisk og ikke mindst som holdspiller - samarbejde og kommunikation er afgørende for præstationen. Vi boltrer os i Vejles smukke terræn med skov, fjord og bakker, hvor vi arbejder bl.a. med mountainbike, klatreaktiviteter, o-løb, kajak, vandaktiviteter, skift mellem disciplinerne og mange andre ting. Vi arbejder også med samarbejdsøvelser, og det at få et hold til at fungere optimalt.","Adventurerace er en multisport, der kombinerer flere forskellige idrætsdiscipliner. Det særlige er, at man kører på et hold med 3-4 deltagere. Her på Vejle Idrætshøjskole har du mulighed for at prøve kræfter med sporten. Du får undervisning af to af Danmarks mest erfarne adventureracere.Holdet er ikke stærkere end det svageste led, hvorfor holdsamarbejde er et nøgleord. Der kan dukke uforudsete udfordringer op, som skal løses undervejs og mountainbike, klatreaktiviteter, o-løb, kajak, vandaktiviteter kombineres i miniadventureraces samt mulighed for at deltage i et længere adventureraceløb.Om du er nybegynder eller verdensmester i en eller flere af disciplinerne er ikke afgørende. Vi arbejder således med udfordringer på alle niveauer. Det afgørende ER til gengæld, at du har lyst til nye udfordringer og samarbejde. Og så er det afgørende, at vi skal have det sjovt.Skolen stiller alt teknisk udstyr til rådighed: mountainbikes, klatreudstyr, kajakker, kompas m.v. Du skal blot have et par løbesko og træningstøj, der må blive vådt og beskidt. Vi kører meget i den omgivende Nørreskov, hvor der blev holdt Nordisk Mesterskab i Mountainbike i 2016. D. 22. september 2017 bliver afholdt DM i adventurerace, hvor du også som elev får lov at være med.","sites/vih.local/files/subjects/dsc_0045.jpg","https://vih.dk/sites/vih.local/files/subjects/_mg_0496.jpg, https://vih.dk/sites/vih.local/files/subjects/20130517-img_9506-343-17.jpg, https://vih.dk/sites/vih.local/files/subjects/20130711-20130711-2k2a2950-140_2.jpg, https://vih.dk/sites/vih.local/files/subjects/f14_venneweekend-132.jpg, https://vih.dk/sites/vih.local/files/subjects/20140510-2k2a6562-128_0.jpg","Endurance, Outdoor, Politi"
"636","/fag/ski","Ski","Drømmer du om at køre uberørt puddersne eller få et adrenalinkick, når du sætter en 3’er i parken? Eller er du mere til nypræparerede pister og høj fart, måske endda i portene? Så er Vejles Idrætshøjskoles skilinje helt sikkert noget for dig.Du får unikke skioplevelser med højt kvalificerede skiundervisere. Du bliver en del af et skiteam af højskolevenner, der deler glæden for skiløb og skaber nogle unikke fælles rejseoplevelser. Dermed kan du kombinere fede oplevelser i sneen med fællesskab og højskoleliv, både i alperne og i Danmark.Vejle Idrætshøjskoles skilinje henvender sig til alle, der har lyst til at udfordre sig selv og blive bedre på ski. Det gælder, uanset om du er nybegynder eller du drømmer om at blive skiinstruktør, parkrotte eller freerider. Kort sagt: Alle kan være med på skilinjen.Hos os er skilinjen et tillægsfag, som giver dig en unik chance for at føje ekstra skioplevelser til dit højskoleophold - uden at gå glip af de andre fede fag på højskolen. ","SkiTeam på VIH indeholder:Offpiste & freerideParkPisteskiløbPortePuklerDemoVideoanalyseSkiteoriSikkerhedslæreEn normal skidag består af 2-3 timers undervisning, hvorefter du har fri til at arbejde videre med den individuelle vejledning, som du har fået. Som en hjælp til at forbedre dit skiløb, benytter vi os af videoanalyse. Du filmes jævnligt og sekvenserne gennemgås nøje, så du får en god forståelse for, hvad du i fremtiden skal fokusere på for at udvikle dig som skiløber.Som deltager på SkiTeam er du stadig en del af den normale højskolehverdag.  I de uger, hvor vi er hjemme på højskolen forbereder vi os til turen 1 gang om ugen med styrke-, udholdenheds-, balance- og koordinationstræning målrettet dig, der ønsker at blive en bedre skiløber. Desuden vil der være udstyrslære, sne- og skiteori samt sikkerheds- og lavinelære. Hvis vejret tillader det, træner vi balance på skøjter og langrend. Undervisningen vil evt. blive suppleret med indendørs skitræning på bånd i Århus.Skilinje januar – februar 2017:2 uger på ski i alperne. 1 uge i Østrig med alle skolens elever.  1 uge til Østrig eller Frankrig. Der er en ekstrabetaling for skilinjen på 6.500 kr. (ekskl. leje af udstyr).","sites/vih.local/files/subjects/20111003-vihski0003.jpg","https://vih.dk/sites/vih.local/files/subjects/wp_20151128_004.jpg, https://vih.dk/sites/vih.local/files/subjects/lange_kurser-104.jpg, https://vih.dk/sites/vih.local/files/subjects/troels_graanipa_2.jpg","Outdoor"
"635","/fag/dance","Dance","Vi danser til fed musik og lækre rytmer. Vi arbejder med trin og koreografier af forskellige genrer.Dance indeholder masser af fede elementer fra streetdance kulturen - hip hop, funk, house, jump style samt moderne dans og showdance. Vores udgangspunkt er, at undervisningen skal være sjov og udfordrende på alle niveauer. Den fysiske form er i fokus, og vi ligger vægt på effektiv grundtræning som en del af vores danselektioner.Vi arbejder med grundtrin og udvikler trin samt koreografi til en afsluttende performance – et show, hvor kreativiteten og udfordringen er din! Musikken er rigtigt vigtig og inspirerende. Den gør sit til, at dans og bevægelse går op i en højere helhed. Vi får sved på panden, har smil på læben og udfordrer kroppen på den ”fede” måde.","Undervisningen indeholder flere arrangementer og oplevelser:Besøg af gæsteinstruktørSpecialedage med et specifikt fokus på danceHøjskolernes idrætsstævne med masser af spændende workshopsTræning i lokalt danseinstitut og fitnesscenterDancespots – prøv et udvalg af andre genrerDanceshow/performanceMålet med faget er at udvikle dine praktiske færdigheder.Du får:Masser af praktiske inputsStørre kropsbevidsthed og bevægelseskvalitetUdvikler egne ressourcer og formidlingsevnerUdvikler faglige og sociale kompetencerOplever glæden ved de forskellige danceformer og deres muligheder","sites/vih.local/files/subjects/20150415-2k2a6453-307.jpg","","Fitness"
"634","/fag/basketball","Basketball","Du behøver ikke at være to meter høj for at spille basketball på Vejle Idrætshøjskole. Undervisningen vil bestå af teknisk og taktisk træning samt masser af spilrelevante øvelser. Vi vil få besøg af amerikanske og danske profiler fra den danske liga, spille kampe mod andre skoler, se video og overvære live kampe i den danske liga samt NBA kampe på TV.","Basketball er et spændende spil for så vel øvede som uøvede. På Vejle Idrætshøjskole er vores intention at give alle, der har lyst, en god oplevelse med et af de mest kendte boldspil på verdensplan. Spiller eller har du spillet basketball tidligere, eller vil du gerne stifte bekendtskab med spillet, er du meget velkommen til at vælge basketball hos os.Undervisningen vil spænde bredt. Der vil selvfølgelig være træning i tekniske og taktiske færdigheder, og vi vil komme omkring emner som refleksion i spillet. Men vi vil også snakke om spillets historie.Fundamentals er vigtige i basketball. Fundamentals omfatter kompetencer med bold - bl.a. driblinger og afleveringer, hvilket vil være en del af den daglige træning. Evnen til at score er også vigtig, hvorfor vi vil arbejde med skud og lay ups (scoringer tæt på kurven). Vi har et ønske om at præsentere dig for redskaber, som vil hjælpe dig med at forbedre dine færdigheder i basketball, men også i mange andre sammenhænge uden for banen. Et af disse redskaber kan være videoanalyse.Spilrelaterede øvelser vil også være en stor del af undervisningen. At forstå og udøve det færdige spil er et væsentligt mål med undervisningen, men mange facetter i spillet læres gennem øvelser som 2 mod 2 og 3 mod 3. I hvert semester undersøges mulighederne for at deltage i DGI-turneringer og/eller kampe mod andre høj- eller efterskoler.Basketball har udviklet sig til mere end bare en sportsgren. I mange lande er basketball også forbundet med en særpræget kultur og livsstil. Udviklingen kan tilskrives sportens historie, som vi også gennemgår i undervisningen. Vejle Idrætshøjskole ligger midt i det danske landskab, og derfor bliver det muligt for os at se spændende livekampe i den bedste danske række - Basketligaen.Fundamentalsdriblingerafleveringerforsvar mand/mandzoneskudkamprelaterede øvelserspille kampe (evt. deltage i DGI-turneringer)se basketballkampe i den danske liga","sites/vih.local/files/subjects/20110817-vihbasket026.jpg","https://vih.dk/sites/vih.local/files/subjects/20170112-2k2a6264.jpg, https://vih.dk/sites/vih.local/files/subjects/2k2a0326.jpg, https://vih.dk/sites/vih.local/files/subjects/2k2a0421.jpg","Boldspil"
"633","/fag/friluftsliv","Friluftsliv","Er du til naturoplevelser, vandreture og/eller cykelture, hygge ved bål, overnatning i hængekøje og til bålmad? Så er friluftsliv helt sikkert lige noget for dig.","I friluftslivfaget tager vi på dagsture og overnatningsture i naturen. Vi arbejder desuden med både teoretiske og praktiske basisfærdigheder inden for friluftsliv. Du lærer at kunne klare dig på tur og får kendskab til naturen. Der vil være fokus på naturoplevelser, plads til hygge og samvær.Friluftsliv er et fag, hvor konkurrenceelementet fra sportsverdenen ikke er i højsædet. Vi skal udfordres og have det sjovt.","sites/vih.local/files/subjects/gejl_surf_2-42.jpg","","Outdoor"
"628","/fag/design","Design","Kreativitet, farver og hygge!","Det handler om at skabe. Vi kreerer smykker, filter, strikker, hækler, laver ting i læder og syr.Alt fra store halstørklæder, sutsko, puder, sjaler, læderbælter og meget mere. Kun fantasien sætter grænsen for, hvad du kan skabe.Inspirationsfag vælges når du kommer på skolen. Alle inspirationsfag oprettes ikke hvert semester. Du får den endelige sammensætning af fag, når du kommer på skolen.","sites/vih.local/files/subjects/fag-design.jpg","","Boldspil, Endurance, Fitness, Outdoor"
"583","/fag/friluftsuge","Friluftstur","Tidligt på efterårsholdet har vi afsat en uge af opholdet til at prøve kræfter med at overnatte ude og lave forskellige fysiske aktiviteter i naturen. En fællestur rystesammen tur for hele elevholdet.Samarbejde, teamwork i mindre grupper, fællesoplevelser og at ryste hele elevholdet sammen er  turens formål.","Turen går til Rørbæk Sø og Skjern Å - et helt unikt naturområde i nærheden af Vejle IdrætshøjskoleTuren byder på vandring , kanosejlads og måske en cykeltur. Udover fysiske strabadser byder turen også på fælles grillaften ved lejrpladsens store bålhytte, eftermiddagskage, hyggeaftener  og selvfølgelig sang omkring lejrbålet.Vi bor og lever i naturen i 3 dage, hvor vi sammen får mange oplevelser, nogle bliver måske udfordret af at skulle sove ude eller selv at skulle lave mad, men ideen er, at eleverne hjælper hinanden gennem turen, får fælles oplevelser og lære hinanden bedre at kende.Forud for turen afholdes workshops, hvor alle elever lærer at styre/ro en kano, bygge et overnatningssted, lave bad på trangiasæt m.m.Til denne tur, er det en rigtig god ide at have varmt tøj og regntøj med, er man varm og mæt kan man klare de fleste udfordringer på sådan en tur. Der gives information om turen samt uddeles pakkeliste i den første uge Du er på skolen.En uforglemmelig tur, som du helt sikkert vil huske tilbage på. Udgifterne til denne rejser er indberegnet i den almindelige egenbetaling.","sites/vih.local/files/subjects/wp_20140827_002.jpg","https://vih.dk/sites/vih.local/files/subjects/wp_20140828_009.jpg","Boldspil, Endurance, Fitness, Outdoor, Politi"
"624","/fag/ernaering-forbraending","Ernæring & Forbrænding","Vi kombinerer en praktisk indgangsvinkel med en større teoretisk viden om, hvordan ernæring og forbrænding hænger sammen. Vi analyserer vores egen kost og sammenligner resultatet med vores eget aktivitetsniveau. Vi gennemgår, hvad en sund og alsidig kost er; hvad den indeholder og hvordan man laver den. Vi arbejder også med ernæring i forhold til idræt og restitution. De aktuelle råd i medierne vil blive diskuteret; hvad er fup og fidus, og hvad har videnskabeligt belæg?","Energibehov. Vi udregner vores energibehov og får lidt perspektiv på, hvad energi er.Forbrænding. Vi gennemgår, hvordan kosten påvirker kroppen.Kostanalyse. Vi vejer og analyserer vores kost for at se, hvordan den stemmer overens med vores aktivitetsniveau.Hvad er der i kosten? Vi gennemgår, hvad kosten indeholder af næringsstoffer, vitaminer og mineraler.Vi prøver selv at lave mad. Vi prøver selv at lave nogle af tingene, samtidig med at vi udregner nøjagtigt, hvad vores mad indeholder.
  Video of Hvad betyder kulhydrater for fysisk præstation?

","sites/vih.local/files/subjects/idraetshoejskolen_66_0.jpg","","Boldspil, Endurance, Fitness, Outdoor"
"623","/fag/volleyball-beachvolley","Volleyball / beachvolley","Volleyballundervisningen på Vejle Idrætshøjskole udvikler dig som spiller. Gennem varieret og inspirerende undervisning lærer du at beherske alle elementer af spillet - serv, baggerslag, fingerslag, smash, blokade og feltforsvar.Med basiselementerne i orden bevæger vi os ind i det spiltaktiske univers. Vi arbejder med holdsammensætning, basal taktik og lidt mere komplicerede hæversystemer. Alt sammen gør, at du udvikler dig som spiller. Hvor langt vi er nået, tester vi i træningskampe, interne kampe og kampe mod andre idrætshøjskoler. Når vejret er til det, flytter vi undervisningen udenfor, hvor skolen har 2 beachvolleybaner. ","Mål for volleyballAt udvikle dine personlige færdigheder og indsigt i volleyballspillets forskellige facetter. - Og derigennem gøre dig til en bedre volleyballspiller. Forløbet vil udpræget være praktisk undervisning.At udvikle din forståelse for og vigtigheden af opbakning, spilleglæde og sammenhold på en volleyballbane.Og derigennem at udvikle en god medmenneskelig adfærd.IndholdDu vil i volleyballforløbet stifte bekendtskab med følgende emner:Teknisk træningIsolerede tekniske øvelserSpilnære øvelserFysisk træningTaktiske principperSpilsystemerSpilanalyseCoachingUdvikling af egne ressourcer og pædagogiske formidlingsevneDer lægges vægt på basis spilteknikker og spilforståelse, så vi kan få spillet til at køre mere flydende. Der opleves en langt større glæde ved spillet, hvis duellen ikke slutter allerede efter serven, så der trænes mange grundslag, og når disse sidder på rygraden, putter vi flere facetter på spillet. Hovedsigtet for volleyball er at rykke dig som spiller samt opleve glæden ved at spille på et hold og opleve samhørigheden.","sites/vih.local/files/subjects/www-7_1.jpg","","Boldspil"
"616","/fag/haandbold","Håndbold","Håndbold på Vejle Idrætshøjskole er fart, tempo og kontakt. Håndbold er et fedt spil!På Vejle Idrætshøjskole kan du vælge håndbold og udvikle dine færdigheder som håndboldspiller gennem daglig træning af tidligere ligatræner Ole Damgaard. Fokus er på din udvikling som håndboldspiller. Du vil blive udfordret teknisk, taktisk, fysisk og mentalt som håndboldspiller på højskolen.","Håndbold er en holdidrætHåndbold er kendetegnet ved fællesskab, fight, disciplin og psykologi. Det vil du som håndboldspiller på højskolen blive udfordret i både til træning og kamp.På Vejle Idrætshøjskole tager vi i fællesskab ud og ser, hvordan dygtige håndboldspillere giver den gas i håndboldkampe på allerhøjeste niveau.Håndbold på Vejle Idrætshøjskole indeholder:6 håndboldlektioner pr. ugeTeknisk træning (afleveringer, finter, skudvarianter, benarbejde, tacklinger)Taktisk træning (forsvar, angreb, gruppetaktik og individuel taktisk træning)SpilforståelseFysisk træningStrandhåndboldKampHåndboldoplevelserTidligere ligatrænerHåndboldtræningen varetages primært af Ole Damgaard. Han har tidligere trænet Ikast Bording Elite Håndbold i dameligaen og HC Midtjyllands hold i herreligaen. Ole har derfor alle forudsætninger for at udvikle dig som håndboldspiller.Vi samarbejder med de lokale klubberVi samarbejder med Vejle Håndbold. Deres bedste herrehold spiller i 3. division, men de har også hold i serie 1. På damesiden spiller Vejle Håndbold i 3. division og Jyllandsserien.Brænder du for håndbold og højskole? Så tag på Vejle Idrætshøjskole, meld dig til Håndbold og bliv en dygtigere håndboldspiller.","sites/vih.local/files/subjects/20170112-2k2a6215.jpg","","Boldspil"
"617","/fag/club-la-santa","Club La Santa","Sidst på efteråret tager hele højskolen til Club La Santa på Lanzarote, hvor de unikke muligheder for idrætslig aktivitet udnyttes, samtidig med at der er garanti for sol og varme. Club La Santa er et sportscenter beliggende i en storslået natur, hvor udfordrer os selv på forskellige måder.Der er desuden mulighed for at vælge en uges rejse til Club La Santa i den fleksible uge på forårskurset i perioden januar/februar.","På Club La Santa er der masser af muligheder for alverdens aktiviteter: Tennis, cykling, boksning, fitness, svømning, dykning, triatlon, beachvolley, fodbold, håndbold, wellness, vandsport og meget mere. 
  Video of VIH på Club La Santa efterår 2013


  Video of Vejle Idrætshøjskole på sportsrejse til La Santa Sport på Lanzarote 2014

","sites/vih.local/files/subjects/20141113-2k2a0447-390.jpg","","Boldspil, Endurance, Fitness, Outdoor, Politi"
"613","/fag/politi","Politi","Drømmer du om at blive betjent?Et ophold på højskole i Vejle kan hjælpe dig med at få drømmen om politiskolen til at gå i opfyldelse. Vi giver dig en smagsprøve på, hvad jobbet som politibetjent kræver.Vi gør dig klar til de fysiske og boglige udfordringer, som politiskolens optagelsesprøve byder på, så du kan få opfyldt din drøm om at blive politimand.Vi laver samarbejdsøvelser og prøver at belyse vores forskellige personligheder.","Er du klar til søge ind på politiskolen?Har du et brændende ønske om at blive optaget på politiskolen? Eller vil du gerne blive endnu mere sikker på dit valg, inden du tager kampen op med politiets optagelsesprøve? Vi tilbyder et kursus, der er målrettet politiskolens optagelseskrav både teoretisk og fysisk. Kurset er planlagt af undervisere med stor erfaring i at forberede elever til politiskolen. Planlægningen er sket i samarbejde med politiet og politiskolen.Afklaring - Vil og kan jeg blive politibetjent?På højskolen får du en smagsprøve på, hvad jobbet som politibetjent kræver. Måske er du ikke helt sikker på, om politiarbejdet er noget for dig.Vi giver dig et godt indblik i livet som politibetjent - og også et bedre indblik i dine egne ønsker og kompetencer, så du bliver helt sikker på dit valg. Fx er der mulighed for, at du kan:være med som figurant på politiets egne gruppeførerøvelser.møde tidligere elever på Vejle Idrætshøjskole, der er kommet ind på politiskolen og i dag arbejder som politibetjent.komme på besøg på politiskolen eller møde politibetjente i undervisningen.overvære retssager, afhøringer og mødes med repræsentanter fra det danske retsvæsen.prøve hundeførertræning, skydetræning og glatbanekørsel.Desuden får du et godt indblik i politiets organisering og opbygning samt kriminalpolitik/jura, så du får en forståelse af grundloven som baggrund for den danske retspraksis.Forberedelse til optagelseskrav på politiskolenHalvdelen af din undervisningstid er direkte målrettet optagelsesprøven til politiskolen. Vi forbereder dig specifikt til ansøgningsfasen og både den skriftlige og den fysiske prøve samt til holdopgaven og den afsluttende samtale.Hjælp til ansøgning til politiskolenDu vil få råd og vejledning samt tid til at fordybe dig i arbejdet med at skrive den motiverede ansøgning til politiskolen. Nogle elever vælger at sidde sammen i skriveprocessen for at få sparring og udveksle gode ideer.Træning målrettet den fysiske test ved politiskolens optagelsesprøveSpecifik træning mod den fysiske prøve, som skal bestås til optagelsesprøven på politiskolenLøbende tests af din fremgangPuls- og styrketræningGrundtræning (opvarmning, koordination, udholdenhed, udstrækning), træningsplanlægning og skadesforebyggelse.Din fysiske træning er fordelt på op til 6 idrætsfag, som du selv vælger efter interesse, men vi anbefaler, at du vælger mellem følgende fag: COPS (vores særlige polititræningsfag), styrketræning, crossfitness, bootcamp, outdoor energy, fitness 360, powerfitness, maraton og triatlon eller adventurerace (fysisk træning med samarbejdsøvelser)Teoretisk del - målrettet den skriftlige del af optagelsesprøven til politietUdgangspunktet for undervisningen er politiets optagelsesprøve. (Vi gør opmærksom på, at engelsk ikke er en del af politiets optagelseprøve mere, hvorfor der ikke undervises i engelsk på politilinjen) Dansk - undervisning i grundlæggende dansk grammatik og skriftlig fremstilling (Case)Samfundsfag og politik - vi analyserer aktuel politik og diskuterer samfundsforhold. Forståelse af grundloven og dansk retspraksisEvt. førstehjælpskursus (6 timers kursus - egen betaling på 200 kr.)Forberedelse til optagelsesprøvens samarbejdsopgaveForløbet indeholder en række samarbejdsøvelser og samarbejdsteori. Hvad skal man kunne for at samarbejde? Vi diskuterer rollefordeling og laver en analyse af din personlighedstype.SamtaleøvelserVi øver dig i samtalesituationer, så du bliver klar til den afsluttende samtale ved politiets optagelsesprøve. Vi træner dig i at svare reflekteret på indgående spørgsmål. Du lærer at ungå klicheer og præcisere dine svar ærligt, så du ikke bliver fanget i at sige noget, ""fordi det lyder rigtigt"". Vi stiller dig de svære spørgsmål, så du føler dig forberedt, når du skal ""sælge"" dig selv for et panel af højtstående politirepræsentanter.Politiuddannelse og højskoleAt være politibetjent er et krævende job. I optagelsesprøven til politiskolen lægges der derfor vægt på gode fysiske, boglige og personlige egenskaber. Derfor kan det være en god ide at forberede dig godt inden du sender en ansøgning til politiet. På højskolen laver vi et særligt træningsprogram til dig og opfrisker dine kvalifikationer i dansk og samfundsfag. Vi vil under opholdet give dig et indblik i livet som politibetjent. Vi har et godt samarbejde med Vejle Politi, Politiskolen i Brøndby og politiassistenter vil give dig et indblik i politiets hverdag. Du møder også tidligere elever på Vejle Idrætshøjskole, der er kommet ind på politiskolen.Afklaring, forberedelse og personlig udviklingVejle Idrætshøjskole er den perfekte ramme for undervisning med fokus på din fysiske, samarbejdsmæssige og personlige udvikling og genopfriskning af dine teoretiske kundskaber. Du bor sammen med andre idrætsglade unge og i højskolelivet vil du helt sikkert blive prøvet på nogle af de personlige egenskaber, som bliver afgørende for din succes ved politiet.Praktiske informationerKig på de lange kurser eller kontakt højskolen og hør, hvornår du kan starte. Du kan også kontakte os, hvis du ønsker en rundvisning eller ønsker at vide mere om det forberedende kursus til politiskolen.Se eller bestil Vejle Idrætshøjskoles politibrochure.","sites/vih.local/files/subjects/_mg_4658-7.jpg","","Politi"
"612","/fag/musik","Musik","Højskole og musik hænger sammen. Musik har altid været en stor del af miljøet på en højskole. Også på Vejle Idrætshøjskole, hvor vi har flere dygtige musiklærere, der tilbyder dig et kursus i musik.Når du vælger musik på en højskole, er der plads til alle niveauer. Det eneste krav er, at du har lysten til at tage et kursus i musik. På musiklinjen får du mulighed for at spille sammen med andre i band, synge både som forsanger og som kor, og du kan lære at spille på et instrument.","Musik og højskoleVi hører musik overalt. I radioen, i supermarkedet og i butikkerne på gågaden. Når vi vasker op, og når vi løber en tur. Men en ting er at høre musik. En anden er at være med til at skabe musik i et stærkt fællesskab på en højskole.På musiklinjen får du et kursus i musik, hvor samspillet er i fokus. Om det er, når vi står med hvert vores instrument i hånden, eller når vi fx træner rytmer på gulvet, så handler det i bund og grund om det samme - at høre hinanden og være i det sammen.Sammenspil i bandsNår du vælger et kursus i musik på vores højskole, får du naturligvis mulighed for at spille i et band. Vi grupperer os i et eller flere bands og spiller sammen. Du kan selvfølgelig medbringe dit eget instrument. Skolen råder over bas, guitar, trommer, klaver, keyboard, saxofon og percussion. Vi spiller pop, rock, blues eller andet, der er stemning for.Undervisning i sang og i de forskellige instrumenterEr du nybegynder, så er et kursus i musik på højskolen oplagt. Du får en grundlæggende viden om det instrument, du spiller på. Har du spillet eller sunget i længere tid, bliver der bygget videre fra det musikniveau, du har nået.Kursus i sangskrivningEr der stemning for det, arbejder vi med at skrive vores eget materiale. Både sangtekst, melodi og akkompagnement. Går det godt, så er vi - hvem ved - måske på vej til P3.Musik som legMed et kursus i musik på højskolen får du trænet din koordination. Når du skal spille en rytme på guitaren og samtidig skal synge, kræver det en god koordination. Det træner vi med musikøvelser og små lege på gulvet, hvor det også handler om at få umiddelbarheden og drivet ind i musikken.Kursus i musikforståelseVi taler om musikalske parametre på kurset i musik på højskolen: Swinger det? Hvilke instrumenter er med? Hvad foregår der? Vi debatterer god og dårlig musik og bliver bedre til at sætte ord på musikken. Vi stifter bekendtskab med rigtigt mange genrer og får bedre stilkendskab.MusikteoriAt deltage i et kursus i musik på en højskole uden at lære om hørelære og musikteori er som at køre en bil uden hjul. På musiklinjen lærer du om rytmer, noder og akkorder, og vi beskæftiger os med nodesystemet fra bunden af.Koncerter på højskolenSidst, men absolut ikke mindst, skal vi selvfølgelig også optræde for skolens øvrige elever, og hvem vi ellers kan fange af lyttere.Tilmeld dig musiklinjen og få et uforglemmeligt kursus i musik på en højskole, der vil lidt mere end bare lytte til musik.","sites/vih.local/files/subjects/20161215-2k2a5253.jpg","","Boldspil, Fitness, Outdoor"
"611","/fag/body-mind","Body & mind","I Body & mind er livsstil og livskvalitet kodeordene.Det handler om kroppen og sindet i dette fag, hvor velvære og wellness er omdrejningspunktet.Vi tager udgangspunkt i en række aktiviteter, blandt andet yoga, stretching, afslapning og meditation. Teorien kobles på de praktiske erfaringer, du tilegner dig.Via reflektion og diskussioner angriber vi forskellige facetter af livet. Sætter tingene i perspektiv og forholder os til vores eget liv.Det gælder dit velvære.","Livskvalitet og livsstilI Body & mind arbejder vi med begrebet mindfulness. I en travl hverdag har vi alle brug for at finde vores egen speeder og bremse. Akkurat ligesom når vi kører bil, er det vigtigt at kunne bremse, speede op eller dreje uden om. Ved at arbejde med os selv kan vi finde vores egen bremse og speeder, der kan hjælpe os til at leve livet fuldt ud. At være tilstede i det nu der er lige nu!Yoga, mindfulness og massageI faget tager vi derfor udgangspunkt i aktiviteter som:YogaMeditationStretchingAfspændingMassageQi gongHealingVi oplever, hvordan de forskellige aktiviteter og redskaber påvirker os. Undervisningen tager udgangspunkt i både teori og praksis.Det handler om dit liv og velvære.","sites/vih.local/files/subjects/yoga-432.jpg","https://vih.dk/sites/vih.local/files/subjects/aerial-13.jpg, https://vih.dk/sites/vih.local/files/subjects/aerial-39.jpg, https://vih.dk/sites/vih.local/files/subjects/img_8289.jpg, https://vih.dk/sites/vih.local/files/subjects/fitness_convention-7033.jpg, https://vih.dk/sites/vih.local/files/subjects/fitness_convention-6823.jpg","Fitness"
"584","/fag/instruktoer-og-teambuilder","Instruktørlinjer+","Faget er forbeholdt elever, der i forvejen har været elev et semester på skolen.Her vil I lære at planlægge og afvikle projekter og større arrangementer. Vi arbejder med forskellige teambuildingsøvelser; hvad kan de bruges til? Hvordan skal man præsentere dem og hvordan følger man op på dem?Som teambuilder er det dig, som får tingene til at ske.","Instruktør og teambuilder. Hvad indebærer det?Udvikling og afvikling af projekter både internt og eksternt. Eksempler kunne være: Adventuretur, teambuildingforløb, aftenarrangementer, oplevelsesdag for børn og unge, idrætsdag for udviklingshæmmede, idræt for mennesker med anden etnisk baggrund, idrætsdag for gymnasieklasser, teambuildingsforløb for et større firma og andet.Skemaet og hverdagenDu får 10 lektioners undervisning om ugen i 'instruktør og teambuilder'. Herunder projektledelse, coaching, kommunikation og samarbejde, ideudvikling og målsætning, pædagogik og didaktik samt foreningslære.Du indgår på lige fod med skolens andre elever i skolens øvrige fag.Du er igangsætter for skolens øvrige elever.Hvorfor er det noget for mig?Proaktivistuddannelsen. Certificeret af DIF og VIHAdventuretureRedskaber og erfaringer med at gå fra ide til handlingUdvikling af sociale og personlige kompetencer","sites/vih.local/files/laerere-25.jpg","","Boldspil, Endurance, Fitness, Outdoor, Politi"
"593","/fag/foto","Foto","Udstyret med skolens spejlreflekskameraer øver vi os i komposition og lysforhold, når vi laver fotoopgaver. Du bliver ganske enkelt bedre til at tage billeder.","Vi arbejder med digital fotografering. Vi koncentrerer os især om at blive bedre til at få de helt rigtige skud i kassen. Du skal være kreativ og selv prøve at finde gode motiver, og vi diskuterer de billeder, du har taget. Vi laver udstillinger på skolen.Du lærer også at efterbehandle billederne, så de kommer til at fremstå endnu bedre. Man kan sammenligne efterbehandling af digitale billeder med god gammeldags fremkaldelse i et mørkekammer.Du skal bl.a. bruge din egen computer, og der kan være en mindre egenbetaling til fremkaldelse af dine fotos.Inspirationsfag vælges når du kommer på skolen. Alle inspirationsfag oprettes ikke hvert semester. Du får den endelige sammensætning af fag, når du kommer på skolen.","sites/vih.local/files/subjects/fag-foto.jpg","https://vih.dk/sites/vih.local/files/subjects/1966208_10204845853323887_246316854739995541_o.jpg, https://vih.dk/sites/vih.local/files/subjects/164686_10201827208701012_1266949418_n.jpg, https://vih.dk/sites/vih.local/files/subjects/522063_10151599867519124_1604120907_n.jpg, https://vih.dk/sites/vih.local/files/subjects/10636938_10204845851763848_7267414784653287948_o.jpg","Boldspil, Endurance, Fitness, Outdoor, Politi"
"577","/fag/adventurerejse","Adventurerejse","I foråret tager hele elevholdet til alperne på adventurerejse. Her udfordrer vi os selv med mange forskellige ting i de smukke omgivelser, hvor den store flod bruser gennem dalen og bjergene tårner sig op på begge sider af vores hotel. Som elev kan du afprøve dig selv med en masse forskellige aktiviteter uanset om du har erfaring i dette miljø eller ikke. ","Aktiviteter på turenRiver Rafting i store 8-12 mands gummibåde ned af den brusende flod med mange bølger undervejs. og guiderne vil undervejs undervise i alle de kommandoer man bruger i bådene samt procedure ved kæntring.Canyoing. Vi starter fra morgenen af med at iføre os våddragter og klatreseler. Så sætter vi os i bussen og køre op mod toppen hvor vi bliver sat af ved et vandfald. Herfra føgler vi vandet ned gennem en slugt i bjerget. Dette gøre med rapelling og med små naturskabte waterslides.  MTB. Vi medbringer skolens mountain bikes og køre forskellige ruter i alle niveauer. Bestigning af bjerg. Vi bestiger et bjerg på 2500 meter. dette er en tur på 8-10 timer. undervejs kan man stå af og nyde den flotte udsigt. Klatring. Vi klippe klatre på de nærliggende bjerge op til hotellet og her er der mulighed for alle at prøve kræfter med bjergene. ","sites/vih.local/files/subjects/_dsc7034.jpg","","Boldspil, Endurance, Fitness, Outdoor, Politi"
"574","/fag/skirejse","Skirejse","Skituren ligger i starten af februar, og den går til skisportstedet Wagrain i østrig, hvor der er mulighed for mange fede oplevelser i sneen. ","Der bliver rig muliged for at grine af dig selv og de andre i sneen. Når dagens skistrabadser er overstået mødes vi til fællessang og underholdning og udnævner dagens Klovn på ski. På  turen vil du have mulighed for at opleve alpinski, snowboard, sneskovandring mm.EKSTRA: Du har desuden mulighed for at komme på skirejse to gange på det lange forårsophold (24 uger). Hvis du - udover skirejsen - tilvælger ski som et ekstra fag på skemaet, vil du deltage på to skirejser i perioden januar-februar. ","sites/vih.local/files/subjects/dsc_2184.jpg","","Boldspil, Endurance, Fitness, Outdoor, Politi"
